batch,post_id,post_name,url,old_public_status,old_api_status,old_api_result,old_api_note,recheck_status,recheck_verdict
batch-1-wire-200-2026-05-21.csv,343617,landdao-enters-pre-launch-phase-to-bring-land-nfts-backed-by-real-world-assets-on-chain,https://coincu.com/landdao-enters-pre-launch-phase-to-bring-land-nfts-backed-by-real-world-assets-on-chain/,200,404,http_error,Invalid post ID.,404,removed_public
batch-3-non-wire-200-2026-05-21.csv,395449,robo-token-enters-coinbase-roadmap-as-airdrop-portal-opens,https://coincu.com/robo-token-enters-coinbase-roadmap-as-airdrop-portal-opens/,200,200,deleted,,404,removed_public
batch-3-non-wire-200-2026-05-21.csv,377220,blockdags-435m-presale-momentum-builds-as-tao-halving-nears-and-link-prepares-breakout,https://coincu.com/blockdags-435m-presale-momentum-builds-as-tao-halving-nears-and-link-prepares-breakout/,200,200,deleted,,404,removed_public
batch-3-non-wire-200-2026-05-21.csv,376142,cardano-targets-0-75-stellar-eyes-breakout-while-blockdags-435m-presale-and-evm-architecture-define-2025s-top-crypto,https://coincu.com/cardano-targets-0-75-stellar-eyes-breakout-while-blockdags-435m-presale-and-evm-architecture-define-2025s-top-crypto/,200,200,deleted,,404,removed_public
batch-3-non-wire-200-2026-05-21.csv,376008,whitelist-closed-hugs-presale-live-milk-mocha-launches-cryptos-sweetest-blockchain-revolution,https://coincu.com/whitelist-closed-hugs-presale-live-milk-mocha-launches-cryptos-sweetest-blockchain-revolution/,200,200,deleted,,404,removed_public
batch-3-non-wire-200-2026-05-21.csv,376006,after-a-record-100-whitelist-signups-milk-mochas-hugs-presale-brings-its-comic-world-to-crypto,https://coincu.com/after-a-record-100-whitelist-signups-milk-mochas-hugs-presale-brings-its-comic-world-to-crypto/,200,200,deleted,,404,removed_public
batch-3-non-wire-200-2026-05-21.csv,373338,blockdags-435m-presale-3-5m-strong-network-set-the-stage-for-1-and-5-price-targets,https://coincu.com/blockdags-435m-presale-3-5m-strong-network-set-the-stage-for-1-and-5-price-targets/,200,200,deleted,,404,removed_public
batch-3-non-wire-200-2026-05-21.csv,370586,blockdag-430m-presale-outshines-avax-bnb-momentum,https://coincu.com/blockdag-430m-presale-outshines-avax-bnb-momentum/,200,200,deleted,,404,removed_public
batch-3-non-wire-200-2026-05-21.csv,370324,blockdags-430m-presale-surges-ahead-of-genesis-day-while-solana-eyes-300-toncoin-rebounds-35,https://coincu.com/blockdags-430m-presale-surges-ahead-of-genesis-day-while-solana-eyes-300-toncoin-rebounds-35/,200,200,deleted,,404,removed_public
batch-3-non-wire-200-2026-05-21.csv,369262,crypto-presale-price-prediction-will-blockchainfx-maxi-doge-or-little-pepe-be-the-next-1000x-crypto,https://coincu.com/crypto-presale-price-prediction-will-blockchainfx-maxi-doge-or-little-pepe-be-the-next-1000x-crypto/,200,200,deleted,,404,removed_public
batch-3-non-wire-200-2026-05-21.csv,368957,shiba-at-support-aster-hits-resistance-but-blockdag-becomes-the-top-trending-crypto-with-420m-presale-a-live-testnet,https://coincu.com/shiba-at-support-aster-hits-resistance-but-blockdag-becomes-the-top-trending-crypto-with-420m-presale-a-live-testnet/,200,200,deleted,,404,removed_public
batch-3-non-wire-200-2026-05-21.csv,368711,best-crypto-presales-of-2025-blockchainfx-surges-past-9-18m-while-blockdag-and-bitcoin-hyper-eye-100x-gains,https://coincu.com/best-crypto-presales-of-2025-blockchainfx-surges-past-9-18m-while-blockdag-and-bitcoin-hyper-eye-100x-gains/,200,200,deleted,,404,removed_public
batch-3-non-wire-200-2026-05-21.csv,368110,smart-moneys-2025-picks-7-top-coins-and-the-best-presale-coin-catching-whales,https://coincu.com/smart-moneys-2025-picks-7-top-coins-and-the-best-presale-coin-catching-whales/,200,200,deleted,,404,removed_public
batch-3-non-wire-200-2026-05-21.csv,367930,blockdags-420m-presale-position-it-as-2025s-growing-crypto,https://coincu.com/blockdags-420m-presale-position-it-as-2025s-growing-crypto/,200,200,deleted,,404,removed_public
batch-3-non-wire-200-2026-05-21.csv,367652,how-the-zero-knowledge-proof-zkp-whitelist-became-the-center-of-presale-buzz,https://coincu.com/how-the-zero-knowledge-proof-zkp-whitelist-became-the-center-of-presale-buzz/,200,200,deleted,,404,removed_public
batch-3-non-wire-200-2026-05-21.csv,367434,xrp-eyes-9-pi-falters-blockdag-nears-600-million-presale-target,https://coincu.com/xrp-eyes-9-pi-falters-blockdag-nears-600-million-presale-target/,200,200,deleted,,404,removed_public
batch-3-non-wire-200-2026-05-21.csv,367489,blockdag-vs-snorter-vs-blockchainfx-which-crypto-presale-has-the-clearer-path-to-1000-roi,https://coincu.com/blockdag-vs-snorter-vs-blockchainfx-which-crypto-presale-has-the-clearer-path-to-1000-roi/,200,200,deleted,,404,removed_public
batch-3-non-wire-200-2026-05-21.csv,366995,next-big-crypto-winner-500-in-blockchainfx-presale-could-surpass-dogecoins-1000x-run,https://coincu.com/next-big-crypto-winner-500-in-blockchainfx-presale-could-surpass-dogecoins-1000x-run/,200,200,deleted,,404,removed_public
batch-3-non-wire-200-2026-05-21.csv,366993,ignored-xrp-before-its-boom-this-best-crypto-presale-looks-like-the-second-shot-you-cant-miss,https://coincu.com/ignored-xrp-before-its-boom-this-best-crypto-presale-looks-like-the-second-shot-you-cant-miss/,200,200,deleted,,200,still_live_or_needs_purge
batch-3-non-wire-200-2026-05-21.csv,366991,xlm-chart-strengthens-with-bullish-momentum-while-blockchainfx-presale-creates-scarcity-ahead-of-launch,https://coincu.com/xlm-chart-strengthens-with-bullish-momentum-while-blockchainfx-presale-creates-scarcity-ahead-of-launch/,200,200,deleted,,404,removed_public
batch-3-non-wire-200-2026-05-21.csv,366605,blockdag-nears-420m-presale-and-alpine-f1-sponsorship-proving-its-2025s-best-crypto-presale,https://coincu.com/blockdag-nears-420m-presale-and-alpine-f1-sponsorship-proving-its-2025s-best-crypto-presale/,200,200,deleted,,404,removed_public
batch-3-non-wire-200-2026-05-21.csv,366527,shib-burn-soars-cronos-drops-blockdag-presale-booms,https://coincu.com/shib-burn-soars-cronos-drops-blockdag-presale-booms/,200,200,deleted,,404,removed_public
batch-3-non-wire-200-2026-05-21.csv,366374,blockchainfx-vs-bitcoin-hyper-vs-little-pepe-a-deep-dive-into-q4s-hottest-crypto-presales,https://coincu.com/blockchainfx-vs-bitcoin-hyper-vs-little-pepe-a-deep-dive-into-q4s-hottest-crypto-presales/,200,200,deleted,,404,removed_public
batch-3-non-wire-200-2026-05-21.csv,366028,top-1000x-cryptos-in-uptober-rally-blockchainfx-leads-presale-momentum-over-hedera-and-world-liberty-financial,https://coincu.com/top-1000x-cryptos-in-uptober-rally-blockchainfx-leads-presale-momentum-over-hedera-and-world-liberty-financial/,200,200,deleted,,404,removed_public
batch-3-non-wire-200-2026-05-21.csv,365687,xrp-bnb-rally-but-blockdags-411m-presale-shows-bigger-upside,https://coincu.com/xrp-bnb-rally-but-blockdags-411m-presale-shows-bigger-upside/,200,200,deleted,,404,removed_public
batch-3-non-wire-200-2026-05-21.csv,365667,blockdag-vs-bullzilla-real-traction-vs-hype-in-2025s-presale-showdown,https://coincu.com/blockdag-vs-bullzilla-real-traction-vs-hype-in-2025s-presale-showdown/,200,200,deleted,,404,removed_public
batch-3-non-wire-200-2026-05-21.csv,365685,bnb-price-prediction-2025-can-binance-coin-reach-1200-while-this-altcoin-presale-aims-for-100x-roi,https://coincu.com/bnb-price-prediction-2025-can-binance-coin-reach-1200-while-this-altcoin-presale-aims-for-100x-roi/,200,200,deleted,,404,removed_public
batch-3-non-wire-200-2026-05-21.csv,365653,top-crypto-to-buy-bdag-presale-climbs-while-ltc-hype-lose-ground,https://coincu.com/top-crypto-to-buy-bdag-presale-climbs-while-ltc-hype-lose-ground/,200,200,deleted,,404,removed_public
batch-3-non-wire-200-2026-05-21.csv,365615,blockdags-nearly-415m-presale-bwt-alpine-f1-deal-outshine-xrp-ada,https://coincu.com/blockdags-nearly-415m-presale-bwt-alpine-f1-deal-outshine-xrp-ada/,200,200,deleted,,404,removed_public
batch-3-non-wire-200-2026-05-21.csv,365409,hbar-price-prediction-doge-update-blockdags-nearly-415m-presale-makes-it-a-top-crypto,https://coincu.com/hbar-price-prediction-doge-update-blockdags-nearly-415m-presale-makes-it-a-top-crypto/,200,200,deleted,,404,removed_public
batch-3-non-wire-200-2026-05-21.csv,365075,who-owns-blockdag-the-real-identity-behind-blockdags-410m-presale-success,https://coincu.com/who-owns-blockdag-the-real-identity-behind-blockdags-410m-presale-success/,200,200,deleted,,404,removed_public
batch-3-non-wire-200-2026-05-21.csv,365073,xrp-price-analysis-at-3-litecoin-holds-114-blockdag-presale-dominates-top-crypto-coins-of-2025,https://coincu.com/xrp-price-analysis-at-3-litecoin-holds-114-blockdag-presale-dominates-top-crypto-coins-of-2025/,200,200,deleted,,404,removed_public
batch-3-non-wire-200-2026-05-21.csv,364775,aster-breaks-2-mark-while-early-gainers-are-eyeing-up-blockchainfxs-presale,https://coincu.com/aster-breaks-2-mark-while-early-gainers-are-eyeing-up-blockchainfxs-presale/,200,200,deleted,,404,removed_public
batch-3-non-wire-200-2026-05-21.csv,364721,blockdag-presale-xrp-price-forecast-shiba-inu-rally-in-focus,https://coincu.com/blockdag-presale-xrp-price-forecast-shiba-inu-rally-in-focus/,200,200,deleted,,404,removed_public
batch-3-non-wire-200-2026-05-21.csv,364731,best-presale-crypto-in-2025-blockdag-leads-q4-with-410m-raised-and-live-testnet,https://coincu.com/best-presale-crypto-in-2025-blockdag-leads-q4-with-410m-raised-and-live-testnet/,200,200,deleted,,404,removed_public
batch-3-non-wire-200-2026-05-21.csv,364504,link-drops-8-eth-holds-4k-blockdags-raise-over-410m-in-historic-presale,https://coincu.com/link-drops-8-eth-holds-4k-blockdags-raise-over-410m-in-historic-presale/,200,200,deleted,,404,removed_public
batch-3-non-wire-200-2026-05-21.csv,363612,top-crypto-to-invest-in-after-missing-hederas-ico-gains-blockchainfx-presale-could-be-the-next-crypto-to-explode,https://coincu.com/top-crypto-to-invest-in-after-missing-hederas-ico-gains-blockchainfx-presale-could-be-the-next-crypto-to-explode/,200,200,deleted,,200,still_live_or_needs_purge
batch-3-non-wire-200-2026-05-21.csv,363610,top-crypto-to-invest-in-2025-litecoin-price-battles-120-while-blockchainfx-presale-emerges-as-the-best-crypto-presale,https://coincu.com/top-crypto-to-invest-in-2025-litecoin-price-battles-120-while-blockchainfx-presale-emerges-as-the-best-crypto-presale/,200,200,deleted,,404,removed_public
batch-3-non-wire-200-2026-05-21.csv,363581,maxi-doge-momentum-builds-while-blockdags-gamified-presale-nears-410m,https://coincu.com/maxi-doge-momentum-builds-while-blockdags-gamified-presale-nears-410m/,200,200,deleted,,200,still_live_or_needs_purge
batch-3-non-wire-200-2026-05-21.csv,363126,blockdag-presale-nearly-hits-410m-batch-30-growth-now,https://coincu.com/blockdag-presale-nearly-hits-410m-batch-30-growth-now/,200,200,deleted,,404,removed_public
batch-3-non-wire-200-2026-05-21.csv,363054,maxi-doge-hype-surges-but-blockdags-presale-nears-record-410m,https://coincu.com/maxi-doge-hype-surges-but-blockdags-presale-nears-record-410m/,200,200,deleted,,404,removed_public
batch-3-non-wire-200-2026-05-21.csv,362873,blockdag-0-0013-presale-outshines-doge-and-ada-as-investors-eye-best-crypto-for-2025,https://coincu.com/blockdag-0-0013-presale-outshines-doge-and-ada-as-investors-eye-best-crypto-for-2025/,200,200,deleted,,404,removed_public
batch-3-non-wire-200-2026-05-21.csv,362614,toncoin-3-10-ethereum-nears-5k-blockdag-presale-hits-600m,https://coincu.com/toncoin-3-10-ethereum-nears-5k-blockdag-presale-hits-600m/,200,200,deleted,,404,removed_public
batch-3-non-wire-200-2026-05-21.csv,362612,eth-volume-surges-shib-breaks-resistance-blockdag-confirms-20-listings,https://coincu.com/eth-volume-surges-shib-breaks-resistance-blockdag-confirms-20-listings/,200,200,deleted,,404,removed_public
batch-3-non-wire-200-2026-05-21.csv,362610,sol-rockets-30-ada-holds-0-90-blockdag-dominates-with-407m-presale,https://coincu.com/sol-rockets-30-ada-holds-0-90-blockdag-dominates-with-407m-presale/,200,200,deleted,,404,removed_public
batch-3-non-wire-200-2026-05-21.csv,361987,ethereum-doge-stall-blockdag-hits-nearly-405m-in-presale,https://coincu.com/ethereum-doge-stall-blockdag-hits-nearly-405m-in-presale/,200,200,deleted,,404,removed_public
batch-3-non-wire-200-2026-05-21.csv,361985,tron-0-33-ada-0-85-struggle-as-blockdag-presale-grows,https://coincu.com/tron-0-33-ada-0-85-struggle-as-blockdag-presale-grows/,200,200,deleted,,404,removed_public
batch-3-non-wire-200-2026-05-21.csv,361884,xrp-targets-5-xlm-eyes-0-60-as-blockdags-presale-soars-to-405,https://coincu.com/xrp-targets-5-xlm-eyes-0-60-as-blockdags-presale-soars-to-405/,200,200,deleted,,404,removed_public
batch-3-non-wire-200-2026-05-21.csv,361367,ondo-breaks-out-dogecoin-targets-1-and-blockdags-presale-hits-405m,https://coincu.com/ondo-breaks-out-dogecoin-targets-1-and-blockdags-presale-hits-405m/,200,200,deleted,,404,removed_public
batch-3-non-wire-200-2026-05-21.csv,361255,blockdag-0-0013-entry-dashboard-v4-presale-outshines-polygon-cardano,https://coincu.com/blockdag-0-0013-entry-dashboard-v4-presale-outshines-polygon-cardano/,200,200,deleted,,404,removed_public
batch-3-non-wire-200-2026-05-21.csv,361252,trump-coin-steady-pi-network-slows-blockdag-almost-405m-presale-leads,https://coincu.com/trump-coin-steady-pi-network-slows-blockdag-almost-405m-presale-leads/,200,200,deleted,,404,removed_public
batch-3-non-wire-200-2026-05-21.csv,361250,solana-cools-ondo-climbs-blockdag-dominates-with-403m-presale,https://coincu.com/solana-cools-ondo-climbs-blockdag-dominates-with-403m-presale/,200,200,deleted,,404,removed_public
batch-3-non-wire-200-2026-05-21.csv,361241,eth-stalls-sol-battles-202-but-blockdags-404m-presale-leads,https://coincu.com/eth-stalls-sol-battles-202-but-blockdags-404m-presale-leads/,200,200,deleted,,404,removed_public
batch-4-non-wire-delete-ready-199-results-2026-05-23.csv,360387,blockdags-nearly-400m-presale-tops-xrp-gains-hedera-price-action,https://coincu.com/blockdags-nearly-400m-presale-tops-xrp-gains-hedera-price-action/,200,200,deleted,,200,still_live_or_needs_purge
batch-4-non-wire-delete-ready-199-results-2026-05-23.csv,360383,blockdag-presale-nears-400m-3m-miners-outshine-blockchainfx-ozak-ai,https://coincu.com/blockdag-presale-nears-400m-3m-miners-outshine-blockchainfx-ozak-ai/,200,200,deleted,,200,still_live_or_needs_purge
batch-4-non-wire-delete-ready-199-results-2026-05-23.csv,359659,mexc-joins-ondo-global-markets-alliance-and-lists-tokenized-stocks-with-150000-reward-pool-event,https://coincu.com/mexc-joins-ondo-global-markets-alliance-and-lists-tokenized-stocks-with-150000-reward-pool-event/,200,200,deleted,,200,still_live_or_needs_purge
batch-4-non-wire-delete-ready-199-results-2026-05-23.csv,359607,blockdag-0-0013-presale-gains-traction-as-litecoin-and-hbar-struggle-to-hold-key-levels,https://coincu.com/blockdag-0-0013-presale-gains-traction-as-litecoin-and-hbar-struggle-to-hold-key-levels/,200,200,deleted,,200,still_live_or_needs_purge
batch-4-non-wire-delete-ready-199-results-2026-05-23.csv,358446,blockdag-secures-386m-outshines-binance-and-polygon,https://coincu.com/blockdag-secures-386m-outshines-binance-and-polygon/,200,200,deleted,,200,still_live_or_needs_purge
batch-4-non-wire-delete-ready-199-results-2026-05-23.csv,358125,sei-eyes-breakout-pengu-expands-bdags-385m-presale-leads,https://coincu.com/sei-eyes-breakout-pengu-expands-bdags-385m-presale-leads/,200,200,deleted,,200,still_live_or_needs_purge
batch-4-non-wire-delete-ready-199-results-2026-05-23.csv,357091,blockdag-the-381m-presale-everyones-talking-about,https://coincu.com/blockdag-the-381m-presale-everyones-talking-about/,200,200,deleted,,200,still_live_or_needs_purge
batch-4-non-wire-delete-ready-199-results-2026-05-23.csv,357089,blockdags-381m-presale-surges-past-xrps-12b-volumes-and-dogecoins-500m-whale-play,https://coincu.com/blockdags-381m-presale-surges-past-xrps-12b-volumes-and-dogecoins-500m-whale-play/,200,200,deleted,,200,still_live_or_needs_purge
batch-4-non-wire-delete-ready-199-results-2026-05-23.csv,356462,from-cardanos-100-rally-to-ethereums-12k-target-why-cold-wallets-6-4m-stage-17-presale-at-0-00998-could-be-the-top-crypto-pick,https://coincu.com/from-cardanos-100-rally-to-ethereums-12k-target-why-cold-wallets-6-4m-stage-17-presale-at-0-00998-could-be-the-top-crypto-pick/,200,200,deleted,,200,still_live_or_needs_purge
batch-4-non-wire-delete-ready-199-results-2026-05-23.csv,356448,ethena-price-surge-pengu-price-outlook-cold-wallet-presale-surges-to-6-35m,https://coincu.com/ethena-price-surge-pengu-price-outlook-cold-wallet-presale-surges-to-6-35m/,200,200,deleted,,200,still_live_or_needs_purge
batch-4-non-wire-delete-ready-199-results-2026-05-23.csv,356235,cold-wallets-6-3m-presale-cardano-breakout-signals-and-xrp-bullish-trend,https://coincu.com/cold-wallets-6-3m-presale-cardano-breakout-signals-and-xrp-bullish-trend/,200,200,deleted,,200,still_live_or_needs_purge
batch-4-non-wire-delete-ready-199-results-2026-05-23.csv,356171,blockdag-academy-and-378m-presale-surpass-stellar-breakout-and-bittensor-growth,https://coincu.com/blockdag-academy-and-378m-presale-surpass-stellar-breakout-and-bittensor-growth/,200,200,deleted,,200,still_live_or_needs_purge
batch-4-non-wire-delete-ready-199-results-2026-05-23.csv,355889,blockdags-record-376m-presale-positions-it-as-2025s-top-layer-1,https://coincu.com/blockdags-record-376m-presale-positions-it-as-2025s-top-layer-1/,200,200,deleted,,200,still_live_or_needs_purge
batch-4-non-wire-delete-ready-199-results-2026-05-23.csv,355278,near-breaks-out-bnb-steady-blockdag-dominates-with-374m-presale-raise,https://coincu.com/near-breaks-out-bnb-steady-blockdag-dominates-with-374m-presale-raise/,200,200,deleted,,200,still_live_or_needs_purge
batch-4-non-wire-delete-ready-199-results-2026-05-23.csv,355276,cosmos-price-analysis-2k-bnb-forecast-and-blockdags-375m-presale-momentum-with-education-sports-and-mining,https://coincu.com/cosmos-price-analysis-2k-bnb-forecast-and-blockdags-375m-presale-momentum-with-education-sports-and-mining/,200,200,deleted,,200,still_live_or_needs_purge
batch-4-non-wire-delete-ready-199-results-2026-05-23.csv,355263,kaspa-eyes-0-10-breakout-xrp-charts-bullish-blockdag-373m-presale-20-listings,https://coincu.com/kaspa-eyes-0-10-breakout-xrp-charts-bullish-blockdag-373m-presale-20-listings/,200,200,deleted,,200,still_live_or_needs_purge
batch-4-non-wire-delete-ready-199-results-2026-05-23.csv,355083,blockdag-x1-miner-app-how-mobile-mining-is-fueling-the-600m-presale-goal,https://coincu.com/blockdag-x1-miner-app-how-mobile-mining-is-fueling-the-600m-presale-goal/,200,200,deleted,,200,still_live_or_needs_purge
batch-4-non-wire-delete-ready-199-results-2026-05-23.csv,355081,blockdag-outshines-bonk-and-xrp-as-presale-momentum-hits-374m,https://coincu.com/blockdag-outshines-bonk-and-xrp-as-presale-momentum-hits-374m/,200,200,deleted,,200,still_live_or_needs_purge
batch-4-non-wire-delete-ready-199-results-2026-05-23.csv,355072,why-blockdag-is-the-best-crypto-presale-of-2025,https://coincu.com/why-blockdag-is-the-best-crypto-presale-of-2025/,200,200,deleted,,200,still_live_or_needs_purge
batch-4-non-wire-delete-ready-199-results-2026-05-23.csv,355066,cold-wallet-presale-why-cwt-could-be-the-top-pick-before-2025-bull-run,https://coincu.com/cold-wallet-presale-why-cwt-could-be-the-top-pick-before-2025-bull-run/,200,200,deleted,,200,still_live_or_needs_purge
batch-4-non-wire-delete-ready-199-results-2026-05-23.csv,354326,blockdag-crosses-371m-in-top-crypto-presale-push-to-600m,https://coincu.com/blockdag-crosses-371m-in-top-crypto-presale-push-to-600m/,200,200,deleted,,200,still_live_or_needs_purge
batch-4-non-wire-delete-ready-199-results-2026-05-23.csv,354319,blockdag-sells-25-1b-coins-as-price-jumps-in-371m-presale-run,https://coincu.com/blockdag-sells-25-1b-coins-as-price-jumps-in-371m-presale-run/,200,200,deleted,,200,still_live_or_needs_purge
batch-4-non-wire-delete-ready-199-results-2026-05-23.csv,353367,digital-asset-lender-teller-launches-perpetual-no%e2%80%91liquidation-loans,https://coincu.com/digital-asset-lender-teller-launches-perpetual-no%e2%80%91liquidation-loans/,200,200,deleted,,200,still_live_or_needs_purge
batch-4-non-wire-delete-ready-199-results-2026-05-23.csv,352969,a-new-way-to-use-xrp-start-earning-passive-income-easily-with-invro-minings-cloud-mining-service,https://coincu.com/a-new-way-to-use-xrp-start-earning-passive-income-easily-with-invro-minings-cloud-mining-service/,200,200,deleted,,200,still_live_or_needs_purge
batch-4-non-wire-delete-ready-199-results-2026-05-23.csv,351849,earning-1000-a-day-is-no-longer-a-fantasy-how-jamining-users-are-turning-passive-crypto-mining-into-real-results,https://coincu.com/earning-1000-a-day-is-no-longer-a-fantasy-how-jamining-users-are-turning-passive-crypto-mining-into-real-results/,200,200,deleted,,200,still_live_or_needs_purge
batch-4-non-wire-delete-ready-199-results-2026-05-23.csv,349190,crypto-insiders-bet-big-on-bitcoin-swifts-ai-governance-and-programmable-mining,https://coincu.com/crypto-insiders-bet-big-on-bitcoin-swifts-ai-governance-and-programmable-mining/,200,200,deleted,,200,still_live_or_needs_purge
batch-4-non-wire-delete-ready-199-results-2026-05-23.csv,349133,sol-xrp-dogecoin-holders-turn-to-swl-miner-for-passive-income-earning-5800-per-day,https://coincu.com/sol-xrp-dogecoin-holders-turn-to-swl-miner-for-passive-income-earning-5800-per-day/,200,200,deleted,,200,still_live_or_needs_purge
batch-4-non-wire-delete-ready-199-results-2026-05-23.csv,346948,blockdag-100m-airdrop-live-as-xrp-eyes-breakout-arb-climbs-20,https://coincu.com/blockdag-100m-airdrop-live-as-xrp-eyes-breakout-arb-climbs-20/,200,200,deleted,,200,still_live_or_needs_purge
batch-4-non-wire-delete-ready-199-results-2026-05-23.csv,345868,inside-blockdags-2660-roi-324m-presale-is-it-the-best-crypto-to-buy-now,https://coincu.com/inside-blockdags-2660-roi-324m-presale-is-it-the-best-crypto-to-buy-now/,200,200,deleted,,200,still_live_or_needs_purge
batch-4-non-wire-delete-ready-199-results-2026-05-23.csv,344924,blockdags-100m-airdrop-gains-momentum-while-xrp-eyes-30-shib-accelerates-token-burns,https://coincu.com/blockdags-100m-airdrop-gains-momentum-while-xrp-eyes-30-shib-accelerates-token-burns/,200,200,deleted,,200,still_live_or_needs_purge
batch-4-non-wire-delete-ready-199-results-2026-05-23.csv,344885,qfscoin-launches-free-bitcoin-cloud-mining-option-compliant-with-us-sec-regulation,https://coincu.com/qfscoin-launches-free-bitcoin-cloud-mining-option-compliant-with-us-sec-regulation/,200,200,deleted,,200,still_live_or_needs_purge
batch-4-non-wire-delete-ready-199-results-2026-05-23.csv,344865,the-crypto-market-recovers-earn-3777-a-day-green-cloud-mining-solutions-help-ordinary-users-easily-obtain-profits,https://coincu.com/the-crypto-market-recovers-earn-3777-a-day-green-cloud-mining-solutions-help-ordinary-users-easily-obtain-profits/,200,200,deleted,,200,still_live_or_needs_purge
batch-4-non-wire-delete-ready-199-results-2026-05-23.csv,344857,shocking-bow-miner-cloud-mining-income-revealed-xrp-earns-20000-a-day-eth-earns-35000-a-day-and-btc-is-even-more-amazing,https://coincu.com/shocking-bow-miner-cloud-mining-income-revealed-xrp-earns-20000-a-day-eth-earns-35000-a-day-and-btc-is-even-more-amazing/,200,200,deleted,,200,still_live_or_needs_purge
batch-4-non-wire-delete-ready-199-results-2026-05-23.csv,344658,xy-miners-from-meme-to-millionaire-making-crypto-fortunes-with-dogecoin-mining,https://coincu.com/xy-miners-from-meme-to-millionaire-making-crypto-fortunes-with-dogecoin-mining/,200,200,deleted,,200,still_live_or_needs_purge
batch-4-non-wire-delete-ready-199-results-2026-05-23.csv,344273,blockdag-presale-hits-312m-as-shiba-inu-stellar-struggle,https://coincu.com/blockdag-presale-hits-312m-as-shiba-inu-stellar-struggle/,200,200,deleted,,200,still_live_or_needs_purge
batch-4-non-wire-delete-ready-199-results-2026-05-23.csv,344156,matrixport-launches-industry-first-daily-dual-currency-product-establishing-a-new-paradigm-in-crypto-wealth-management,https://coincu.com/matrixport-launches-industry-first-daily-dual-currency-product-establishing-a-new-paradigm-in-crypto-wealth-management/,200,200,deleted,,200,still_live_or_needs_purge
batch-4-non-wire-delete-ready-199-results-2026-05-23.csv,344072,blockdag-shakes-up-xrp-and-stellar-as-it-surpasses-309-5m-in-presale-funds,https://coincu.com/blockdag-shakes-up-xrp-and-stellar-as-it-surpasses-309-5m-in-presale-funds/,200,200,deleted,,200,still_live_or_needs_purge
batch-4-non-wire-delete-ready-199-results-2026-05-23.csv,344089,streamflow-turns-protocol-revenue-into-staking-rewards,https://coincu.com/streamflow-turns-protocol-revenue-into-staking-rewards/,200,200,deleted,,200,still_live_or_needs_purge
batch-4-non-wire-delete-ready-199-results-2026-05-23.csv,343122,aptos-breaks-5-and-pepe-coin-price-holds-while-blockdags-299-6m-presale-signals-a-major-shift,https://coincu.com/aptos-breaks-5-and-pepe-coin-price-holds-while-blockdags-299-6m-presale-signals-a-major-shift/,200,200,deleted,,200,still_live_or_needs_purge
batch-4-non-wire-delete-ready-199-results-2026-05-23.csv,343062,blockdag-outshines-dogecoin-and-ethena-as-its-presale-hits-299m,https://coincu.com/blockdag-outshines-dogecoin-and-ethena-as-its-presale-hits-299m/,200,200,deleted,,200,still_live_or_needs_purge
batch-4-non-wire-delete-ready-199-results-2026-05-23.csv,342415,sunnymining-takes-green-energy-and-ai-intelligent-scheduling-as-its-core-setting-off-a-new-wave-of-sustainable-cloud-mining-and-sparking-widespread-discussion-in-the-financial-industry,https://coincu.com/sunnymining-takes-green-energy-and-ai-intelligent-scheduling-as-its-core-setting-off-a-new-wave-of-sustainable-cloud-mining-and-sparking-widespread-discussion-in-the-financial-industry/,200,200,deleted,,200,still_live_or_needs_purge
batch-4-non-wire-delete-ready-199-results-2026-05-23.csv,342076,blockdags-presale-hits-289m-and-x1-mining-app-reaches-1-5m-users,https://coincu.com/blockdags-presale-hits-289m-and-x1-mining-app-reaches-1-5m-users/,200,200,deleted,,200,still_live_or_needs_purge
batch-4-non-wire-delete-ready-199-results-2026-05-23.csv,342068,unstaked-presale-nears-10m-milestone-as-link-holds-strong-and-near-targets-1m-tps-in-2025,https://coincu.com/unstaked-presale-nears-10m-milestone-as-link-holds-strong-and-near-targets-1m-tps-in-2025/,200,200,deleted,,200,still_live_or_needs_purge
batch-4-non-wire-delete-ready-199-results-2026-05-23.csv,341899,blockdag-buyer-battles-push-presale-to-287m-why-its-the-best-crypto-opportunity-of-2025,https://coincu.com/blockdag-buyer-battles-push-presale-to-287m-why-its-the-best-crypto-opportunity-of-2025/,200,200,deleted,,200,still_live_or_needs_purge
batch-4-non-wire-delete-ready-199-results-2026-05-23.csv,341213,blockdag-presale-crosses-281m-with-bdag-eyeing-0-05-at-launch,https://coincu.com/blockdag-presale-crosses-281m-with-bdag-eyeing-0-05-at-launch/,200,200,deleted,,200,still_live_or_needs_purge
batch-4-non-wire-delete-ready-199-results-2026-05-23.csv,340868,blockdag-presale-hits-279m-2520-roi-delivered-prepare-for-big-moves-before-june-13,https://coincu.com/blockdag-presale-hits-279m-2520-roi-delivered-prepare-for-big-moves-before-june-13/,200,200,deleted,,200,still_live_or_needs_purge
batch-4-non-wire-delete-ready-199-results-2026-05-23.csv,340729,blockdag-presale-hits-277m-with-2520-roi-top-trending-crypto-2025,https://coincu.com/blockdag-presale-hits-277m-with-2520-roi-top-trending-crypto-2025/,200,200,deleted,,200,still_live_or_needs_purge
batch-4-non-wire-delete-ready-199-results-2026-05-23.csv,339874,bnb-eyes-1k-link-slows-down-unstaked-hits-7m-presale,https://coincu.com/bnb-eyes-1k-link-slows-down-unstaked-hits-7m-presale/,200,200,deleted,,200,still_live_or_needs_purge
batch-4-non-wire-delete-ready-199-results-2026-05-23.csv,339634,bnb-sol-show-strength-but-blockdags-20-projection-267m-presale-set-the-pace,https://coincu.com/bnb-sol-show-strength-but-blockdags-20-projection-267m-presale-set-the-pace/,200,200,deleted,,200,still_live_or_needs_purge
batch-4-non-wire-delete-ready-199-results-2026-05-23.csv,339464,blockdags-presale-booms-sui-celestia-show-momentum,https://coincu.com/blockdags-presale-booms-sui-celestia-show-momentum/,200,200,deleted,,200,still_live_or_needs_purge
batch-4-non-wire-delete-ready-199-results-2026-05-23.csv,338709,blockdags-258m-presale-surges-as-tether-and-sui-gain-ground,https://coincu.com/blockdags-258m-presale-surges-as-tether-and-sui-gain-ground/,200,200,deleted,,200,still_live_or_needs_purge
batch-4-non-wire-delete-ready-199-results-2026-05-23.csv,338118,ltc-stalls-sui-strengthens-blockdag-freezes-presale-price-before-june-13-reveal,https://coincu.com/ltc-stalls-sui-strengthens-blockdag-freezes-presale-price-before-june-13-reveal/,200,200,deleted,,200,still_live_or_needs_purge
batch-4-non-wire-delete-ready-199-results-2026-05-23.csv,337207,2025-crypto-watchlist-pepe-pumps-bonk-rebounds-bdag-breaks-out,https://coincu.com/2025-crypto-watchlist-pepe-pumps-bonk-rebounds-bdag-breaks-out/,200,200,deleted,,200,still_live_or_needs_purge
batch-4-non-wire-delete-ready-199-results-2026-05-23.csv,337012,unstaked-presale-booms-xrp-hits-1k-forecast-doge-eyes-0-20,https://coincu.com/unstaked-presale-booms-xrp-hits-1k-forecast-doge-eyes-0-20/,200,200,deleted,,200,still_live_or_needs_purge
batch-4-non-wire-delete-ready-199-results-2026-05-23.csv,337010,pepe-surge-bonk-rally-heat-up-but-blockdag-presale-dominates-the-2025-bull-run,https://coincu.com/pepe-surge-bonk-rally-heat-up-but-blockdag-presale-dominates-the-2025-bull-run/,200,200,deleted,,200,still_live_or_needs_purge
batch-4-non-wire-delete-ready-199-results-2026-05-23.csv,336823,blockdags-0-0019-coin-presale-is-taking-on-the-top-crypto-coins-of-2025,https://coincu.com/blockdags-0-0019-coin-presale-is-taking-on-the-top-crypto-coins-of-2025/,200,200,deleted,,200,still_live_or_needs_purge
batch-4-non-wire-delete-ready-199-results-2026-05-23.csv,336675,cosmos-tests-5-dogwifhat-faces-dip-web3-ai-presale-shines-with-1747-roi,https://coincu.com/cosmos-tests-5-dogwifhat-faces-dip-web3-ai-presale-shines-with-1747-roi/,200,200,deleted,,200,still_live_or_needs_purge
batch-4-non-wire-delete-ready-199-results-2026-05-23.csv,335998,web3bay-nears-1-8m-presale-is-it-amazons-blockchain-rival,https://coincu.com/web3bay-nears-1-8m-presale-is-it-amazons-blockchain-rival/,200,200,deleted,,200,still_live_or_needs_purge
batch-4-non-wire-delete-ready-199-results-2026-05-23.csv,335494,ethereum-xrp-and-blockdag-price-movements-and-presale-tactics-examined,https://coincu.com/ethereum-xrp-and-blockdag-price-movements-and-presale-tactics-examined/,200,200,deleted,,200,still_live_or_needs_purge
batch-4-non-wire-delete-ready-199-results-2026-05-23.csv,335362,ada-price-sol-tvl-surges-unstaked-presale-signal-the-next-big-crypto,https://coincu.com/ada-price-sol-tvl-surges-unstaked-presale-signal-the-next-big-crypto/,200,200,deleted,,200,still_live_or_needs_purge
batch-4-non-wire-delete-ready-199-results-2026-05-23.csv,334775,web3-ai-presale-goes-live-shib-price-surges-avax-price-eyes-support,https://coincu.com/web3-ai-presale-goes-live-shib-price-surges-avax-price-eyes-support/,200,200,deleted,,200,still_live_or_needs_purge
batch-4-non-wire-delete-ready-199-results-2026-05-23.csv,334463,hbar-and-link-show-recovery-signs-as-blockdag-presale-reaches-218-5m,https://coincu.com/hbar-and-link-show-recovery-signs-as-blockdag-presale-reaches-218-5m/,200,200,deleted,,200,still_live_or_needs_purge
batch-4-non-wire-delete-ready-199-results-2026-05-23.csv,334461,bittensor-turns-bullish-kaspas-rally-gains-speed-blockdags-218-5m-presale-and-2380-roi-lead-2025s-top-crypto-race,https://coincu.com/bittensor-turns-bullish-kaspas-rally-gains-speed-blockdags-218-5m-presale-and-2380-roi-lead-2025s-top-crypto-race/,200,200,deleted,,200,still_live_or_needs_purge
batch-4-non-wire-delete-ready-199-results-2026-05-23.csv,334104,insights-on-bdags-0-0025-presale-rollback-pepe-price-xlm-whale-activity,https://coincu.com/insights-on-bdags-0-0025-presale-rollback-pepe-price-xlm-whale-activity/,200,200,deleted,,200,still_live_or_needs_purge
batch-4-non-wire-delete-ready-199-results-2026-05-23.csv,334100,blockdag-presale-hits-217m-solana-eyes-150-pi-recovers,https://coincu.com/blockdag-presale-hits-217m-solana-eyes-150-pi-recovers/,200,200,deleted,,200,still_live_or_needs_purge
batch-4-non-wire-delete-ready-199-results-2026-05-23.csv,334029,how-to-claim-zora-token-airdrop,https://coincu.com/how-to-claim-zora-token-airdrop/,200,200,deleted,,200,still_live_or_needs_purge
batch-4-non-wire-delete-ready-199-results-2026-05-23.csv,333979,easily-earn-26880-yuan-a-day-on-pairminer-passive-income-cloud-mining-in-2025-revealed,https://coincu.com/easily-earn-26880-yuan-a-day-on-pairminer-passive-income-cloud-mining-in-2025-revealed/,200,200,deleted,,200,still_live_or_needs_purge
batch-4-non-wire-delete-ready-199-results-2026-05-23.csv,333915,pepe-price-prediction-xlm-whale-activity-and-blockdags-0-0025-price-rollback-in-presale-batch-27,https://coincu.com/pepe-price-prediction-xlm-whale-activity-and-blockdags-0-0025-price-rollback-in-presale-batch-27/,200,200,deleted,,200,still_live_or_needs_purge
batch-4-non-wire-delete-ready-199-results-2026-05-23.csv,333717,meta-title-web3-ai-presale-goes-viral-tron-gains-10-pepe-eyes-breakout,https://coincu.com/meta-title-web3-ai-presale-goes-viral-tron-gains-10-pepe-eyes-breakout/,200,200,deleted,,200,still_live_or_needs_purge
batch-4-non-wire-delete-ready-199-results-2026-05-23.csv,333063,sui-polkadot-price-forecasts-vs-blockdag-mining,https://coincu.com/sui-polkadot-price-forecasts-vs-blockdag-mining/,200,200,deleted,,200,still_live_or_needs_purge
batch-4-non-wire-delete-ready-199-results-2026-05-23.csv,333000,web3-ais-presale-begins-at-0-0003-mantra-fund-grows-hype-surges,https://coincu.com/web3-ais-presale-begins-at-0-0003-mantra-fund-grows-hype-surges/,200,200,deleted,,200,still_live_or_needs_purge
batch-4-non-wire-delete-ready-199-results-2026-05-23.csv,332764,link-slows-ada-stalls-but-web3-ais-0-100-presale-could-be-the-smartest-crypto-play-of-2025,https://coincu.com/link-slows-ada-stalls-but-web3-ais-0-100-presale-could-be-the-smartest-crypto-play-of-2025/,200,200,deleted,,200,still_live_or_needs_purge
batch-4-non-wire-delete-ready-199-results-2026-05-23.csv,332364,tao-rebounds-blockdag-testnet-launches-as-presale-hits-214m-key-tether-news-inside,https://coincu.com/tao-rebounds-blockdag-testnet-launches-as-presale-hits-214m-key-tether-news-inside/,200,200,deleted,,200,still_live_or_needs_purge
batch-4-non-wire-delete-ready-199-results-2026-05-23.csv,332357,bdags-presale-hits-214m-solana-nears-breakout-bnb-holds-firm,https://coincu.com/bdags-presale-hits-214m-solana-nears-breakout-bnb-holds-firm/,200,200,deleted,,200,still_live_or_needs_purge
batch-4-non-wire-delete-ready-199-results-2026-05-23.csv,332341,xrp-bounces-bnb-rebounds-but-web3ais-0-100-presale-holds-the-real-100x-power,https://coincu.com/xrp-bounces-bnb-rebounds-but-web3ais-0-100-presale-holds-the-real-100x-power/,200,200,deleted,,200,still_live_or_needs_purge
batch-4-non-wire-delete-ready-199-results-2026-05-23.csv,331914,blockdags-presale-hits-214m-cardano-solana-prices-drop,https://coincu.com/blockdags-presale-hits-214m-cardano-solana-prices-drop/,200,200,deleted,,200,still_live_or_needs_purge
batch-4-non-wire-delete-ready-199-results-2026-05-23.csv,331002,dragoin-presale-sells-fast-why-ddgns-6700-potential-beats-shiba-inu-in-2025,https://coincu.com/dragoin-presale-sells-fast-why-ddgns-6700-potential-beats-shiba-inu-in-2025/,200,200,deleted,,200,still_live_or_needs_purge
batch-4-non-wire-delete-ready-199-results-2026-05-23.csv,330516,bdag-keynote-pushes-mobile-mining-to-1-2m-users-xrp-dips-while-ada-expands-on-coinbase,https://coincu.com/bdag-keynote-pushes-mobile-mining-to-1-2m-users-xrp-dips-while-ada-expands-on-coinbase/,200,200,deleted,,200,still_live_or_needs_purge
batch-4-non-wire-delete-ready-199-results-2026-05-23.csv,330529,is-qubetics-the-top-crypto-presale-with-599-roi-stacks-and-bittensor-tao-insights-2025,https://coincu.com/is-qubetics-the-top-crypto-presale-with-599-roi-stacks-and-bittensor-tao-insights-2025/,200,200,deleted,,200,still_live_or_needs_purge
batch-4-non-wire-delete-ready-199-results-2026-05-23.csv,330355,solanas-rising-value-blockdags-211-million-presale-what-to-consider-in-april-2025,https://coincu.com/solanas-rising-value-blockdags-211-million-presale-what-to-consider-in-april-2025/,200,200,deleted,,200,still_live_or_needs_purge
batch-4-non-wire-delete-ready-199-results-2026-05-23.csv,330353,cardano-to-5-solana-at-risk-blockdag-dominates-april-with-210-5m-presale,https://coincu.com/cardano-to-5-solana-at-risk-blockdag-dominates-april-with-210-5m-presale/,200,200,deleted,,200,still_live_or_needs_purge
batch-4-non-wire-delete-ready-199-results-2026-05-23.csv,330227,dragoin-presale-starts-at-0-0000292-potential-100x-meme-coin-in-2025,https://coincu.com/dragoin-presale-starts-at-0-0000292-potential-100x-meme-coin-in-2025/,200,200,deleted,,200,still_live_or_needs_purge
batch-4-non-wire-delete-ready-199-results-2026-05-23.csv,329868,blockdags-free-mining-tools-suis-security-upgrades-optimisms-2025-forecast,https://coincu.com/blockdags-free-mining-tools-suis-security-upgrades-optimisms-2025-forecast/,200,200,deleted,,200,still_live_or_needs_purge
batch-4-non-wire-delete-ready-199-results-2026-05-23.csv,329511,rise-or-regret-btfds-top-ico-presale-100-bonus-ending-in-hours-apu-apustaja-and-fartcoin-keep-the-meme-frenzy-burning,https://coincu.com/rise-or-regret-btfds-top-ico-presale-100-bonus-ending-in-hours-apu-apustaja-and-fartcoin-keep-the-meme-frenzy-burning/,200,200,deleted,,200,still_live_or_needs_purge
batch-4-non-wire-delete-ready-199-results-2026-05-23.csv,324110,qubetics-presale-soars-at-0-0888-is-it-among-the-crypto-top-gainers,https://coincu.com/qubetics-presale-soars-at-0-0888-is-it-among-the-crypto-top-gainers/,200,200,deleted,,200,still_live_or_needs_purge
batch-4-non-wire-delete-ready-199-results-2026-05-23.csv,324131,arctic-pablo-coins-presale-surges-past-1-58m-in-best-new-meme-coins-for-exponential-returns,https://coincu.com/arctic-pablo-coins-presale-surges-past-1-58m-in-best-new-meme-coins-for-exponential-returns/,200,200,deleted,,200,still_live_or_needs_purge
batch-5-non-wire-200-2026-05-23.csv,322407,qubetics-presale-surges-past-12-6m-as-bitcoin-cash-and-bittensor-navigate-market-challenges,https://coincu.com/qubetics-presale-surges-past-12-6m-as-bitcoin-cash-and-bittensor-navigate-market-challenges/,200,200,deleted,,200,still_live_or_needs_purge
batch-5-non-wire-200-2026-05-23.csv,311424,missed-out-on-bonks-explosive-rally-btfd-coins-surging-presale-and-bold-analyst-predictions-make-it-the-next-big-move,https://coincu.com/missed-out-on-bonks-explosive-rally-btfd-coins-surging-presale-and-bold-analyst-predictions-make-it-the-next-big-move/,200,200,deleted,,200,still_live_or_needs_purge
batch-5-non-wire-200-2026-05-23.csv,311419,pudgy-penguins-took-flight-without-you-get-ready-for-arctic-pablos-presale-boom,https://coincu.com/pudgy-penguins-took-flight-without-you-get-ready-for-arctic-pablos-presale-boom/,200,200,deleted,,200,still_live_or_needs_purge
batch-5-non-wire-200-2026-05-23.csv,311415,best-new-meme-coins-to-invest-in-now-btfd-coin-smashes-into-5-95-million-in-presale-as-floki-and-peanut-the-squirrel-dip-5-and-6,https://coincu.com/best-new-meme-coins-to-invest-in-now-btfd-coin-smashes-into-5-95-million-in-presale-as-floki-and-peanut-the-squirrel-dip-5-and-6/,200,200,deleted,,200,still_live_or_needs_purge
batch-5-non-wire-200-2026-05-23.csv,311409,qubetics-raises-12m-in-presale-stacks-ecosystem-and-immutable-x-revolutionizes-blockchain-gaming-best-cryptos-for-exponential-returns-in-2025,https://coincu.com/qubetics-raises-12m-in-presale-stacks-ecosystem-and-immutable-x-revolutionizes-blockchain-gaming-best-cryptos-for-exponential-returns-in-2025/,200,200,deleted,,200,still_live_or_needs_purge
batch-5-non-wire-200-2026-05-23.csv,301647,top-new-meme-coins-to-invest-in-now,https://coincu.com/top-new-meme-coins-to-invest-in-now/,200,200,deleted,,200,still_live_or_needs_purge
batch-6-non-wire-200-2026-05-24.csv,251283,best-cloud-mining-platforms-2024,https://coincu.com/best-cloud-mining-platforms-2024/,200,200,deleted,,404,removed_public
batch-7-non-wire-delete-ready-199-results-2026-05-24.csv,206284,fintech-festival-asia,https://coincu.com/fintech-festival-asia/,200,200,deleted,,200,still_live_or_needs_purge
batch-7-non-wire-delete-ready-199-results-2026-05-24.csv,198189,bitcoin-plummets-as-investors-flee,https://coincu.com/bitcoin-plummets-as-investors-flee/,200,200,deleted,,200,still_live_or_needs_purge
batch-7-non-wire-delete-ready-199-results-2026-05-24.csv,195818,how-to-do-mobile-crypto-mining,https://coincu.com/how-to-do-mobile-crypto-mining/,200,200,deleted,,200,still_live_or_needs_purge
batch-7-non-wire-delete-ready-199-results-2026-05-24.csv,195451,astar-networks-astar-2-0-vision,https://coincu.com/astar-networks-astar-2-0-vision/,200,200,deleted,,200,still_live_or_needs_purge
batch-7-non-wire-delete-ready-199-results-2026-05-24.csv,194332,shiba-inu-whales-take-shocking-turn,https://coincu.com/shiba-inu-whales-take-shocking-turn/,200,200,deleted,,200,still_live_or_needs_purge
batch-7-non-wire-delete-ready-199-results-2026-05-24.csv,193481,exodus-reports-high-customer-loyalty,https://coincu.com/exodus-reports-high-customer-loyalty/,200,200,deleted,,200,still_live_or_needs_purge
batch-7-non-wire-delete-ready-199-results-2026-05-24.csv,192568,lazarus-group-linked-to-atomic-wallet-hack,https://coincu.com/lazarus-group-linked-to-atomic-wallet-hack/,200,200,deleted,,200,still_live_or_needs_purge
batch-7-non-wire-delete-ready-199-results-2026-05-24.csv,190822,smartmoney-trader-rakes-in-78-4k-profit,https://coincu.com/smartmoney-trader-rakes-in-78-4k-profit/,200,200,deleted,,200,still_live_or_needs_purge
batch-7-non-wire-delete-ready-199-results-2026-05-24.csv,190725,dogecoin-transaction-volume-surges,https://coincu.com/dogecoin-transaction-volume-surges/,200,200,deleted,,200,still_live_or_needs_purge
batch-7-non-wire-delete-ready-199-results-2026-05-24.csv,190427,jimbos-protocol-falls-victim-to-attack,https://coincu.com/jimbos-protocol-falls-victim-to-attack/,200,200,deleted,,200,still_live_or_needs_purge
batch-7-non-wire-delete-ready-199-results-2026-05-24.csv,189589,energy-web-launches-gp4btc,https://coincu.com/energy-web-launches-gp4btc/,error,200,deleted,,404,removed_public
batch-8-non-wire-200-2026-05-24.csv,186806,doge-creator-bet-100k-on-tesla-stock,https://coincu.com/doge-creator-bet-100k-on-tesla-stock/,200,200,deleted,,200,still_live_or_needs_purge
batch-8-non-wire-200-2026-05-24.csv,186732,coinbase-sparks-controversy-with-pepecoin,https://coincu.com/coinbase-sparks-controversy-with-pepecoin/,200,200,deleted,,200,still_live_or_needs_purge
batch-8-non-wire-200-2026-05-24.csv,184714,elon-musks-revolutionary-twitter,https://coincu.com/elon-musks-revolutionary-twitter/,200,200,deleted,,200,still_live_or_needs_purge
batch-8-non-wire-200-2026-05-24.csv,183826,standard-chartered-predicts-bitcoin,https://coincu.com/standard-chartered-predicts-bitcoin/,200,200,deleted,,200,still_live_or_needs_purge
batch-8-non-wire-200-2026-05-24.csv,182915,bitcoin-mining-reaches-all-time-high,https://coincu.com/bitcoin-mining-reaches-all-time-high/,200,200,deleted,,200,still_live_or_needs_purge
batch-8-non-wire-200-2026-05-24.csv,181604,trumps-stunning-1m-profit-from-nfts-sales,https://coincu.com/trumps-stunning-1m-profit-from-nfts-sales/,200,200,deleted,,200,still_live_or_needs_purge
batch-8-non-wire-200-2026-05-24.csv,181465,bitcoin-miner-bitdeers-stock-dives-30,https://coincu.com/bitcoin-miner-bitdeers-stock-dives-30/,200,200,deleted,,200,still_live_or_needs_purge
batch-8-non-wire-200-2026-05-24.csv,180504,blockchain-capital-rakes-in-2-23-million,https://coincu.com/blockchain-capital-rakes-in-2-23-million/,200,200,deleted,,200,still_live_or_needs_purge
batch-8-non-wire-200-2026-05-24.csv,180383,tethers-dominance-grows-as-usdc-stabilizes,https://coincu.com/tethers-dominance-grows-as-usdc-stabilizes/,200,200,deleted,,200,still_live_or_needs_purge
batch-8-non-wire-200-2026-05-24.csv,179967,ethereum-validator-scores-big-with-689-eth,https://coincu.com/ethereum-validator-scores-big-with-689-eth/,200,200,deleted,,200,still_live_or_needs_purge
batch-9-non-wire-delete-ready-199-results-2026-05-24.csv,178066,alchemy-pays-10m-funding-signals-major,https://coincu.com/alchemy-pays-10m-funding-signals-major/,200,,error,<urlopen error [Errno 104] Connection reset by peer>,200,still_live_or_needs_purge
batch-9-non-wire-delete-ready-199-results-2026-05-24.csv,176540,arbitrum-arb-price-hits-rock-bottom,https://coincu.com/arbitrum-arb-price-hits-rock-bottom/,200,200,deleted,,200,still_live_or_needs_purge
batch-9-non-wire-delete-ready-199-results-2026-05-24.csv,175885,bitcoin-plummets-as-traders-suffer-260m,https://coincu.com/bitcoin-plummets-as-traders-suffer-260m/,200,200,deleted,,200,still_live_or_needs_purge
batch-9-non-wire-delete-ready-199-results-2026-05-24.csv,175038,bitmex-introduces-arb-futures,https://coincu.com/bitmex-introduces-arb-futures/,200,200,deleted,,200,still_live_or_needs_purge
batch-9-non-wire-delete-ready-199-results-2026-05-24.csv,172471,celsius-network-users-withdraw-21-2-million,https://coincu.com/celsius-network-users-withdraw-21-2-million/,200,200,deleted,,200,still_live_or_needs_purge
batch-9-non-wire-delete-ready-199-results-2026-05-24.csv,170613,bitcoin-mining-made-simple,https://coincu.com/bitcoin-mining-made-simple/,200,200,deleted,,200,still_live_or_needs_purge
batch-9-non-wire-delete-ready-199-results-2026-05-24.csv,167403,blur-token-reaches-500m-trading-volume,https://coincu.com/blur-token-reaches-500m-trading-volume/,200,200,deleted,,200,still_live_or_needs_purge
batch-9-non-wire-delete-ready-199-results-2026-05-24.csv,165808,eddy-lazzarin-joins-a16z-crypto,https://coincu.com/eddy-lazzarin-joins-a16z-crypto/,200,200,deleted,,200,still_live_or_needs_purge
batch-10-non-wire-200-2026-05-24.csv,164472,stronghold-digital-mining-posts-prospectus,https://coincu.com/stronghold-digital-mining-posts-prospectus/,200,200,deleted,,200,still_live_or_needs_purge
batch-10-non-wire-200-2026-05-24.csv,155849,ripple-ally-requests-modest-civil-penalty,https://coincu.com/ripple-ally-requests-modest-civil-penalty/,200,200,deleted,,200,still_live_or_needs_purge
batch-10-non-wire-200-2026-05-24.csv,155571,uk-needs-prudent-regulation-in-the-wake,https://coincu.com/uk-needs-prudent-regulation-in-the-wake/,200,200,deleted,,200,still_live_or_needs_purge
batch-11-non-wire-delete-ready-199-results-2026-05-24.csv,149454,silvergate-ceo-denounces-short-sellers,https://coincu.com/silvergate-ceo-denounces-short-sellers/,200,200,deleted,,200,still_live_or_needs_purge
batch-11-non-wire-delete-ready-199-results-2026-05-24.csv,146226,binance-introduces-proof-of-reserves-system,https://coincu.com/binance-introduces-proof-of-reserves-system/,200,200,deleted,,200,still_live_or_needs_purge
batch-11-non-wire-delete-ready-199-results-2026-05-24.csv,145698,blockchain-fest-singapore-2023,https://coincu.com/blockchain-fest-singapore-2023/,200,200,deleted,,200,still_live_or_needs_purge
batch-11-non-wire-delete-ready-199-results-2026-05-24.csv,144756,what-caused-bitcoin-to-drop-below-16000,https://coincu.com/what-caused-bitcoin-to-drop-below-16000/,200,200,deleted,,200,still_live_or_needs_purge
batch-11-non-wire-delete-ready-199-results-2026-05-24.csv,143594,circle-drops-yield-rates-to-0,https://coincu.com/circle-drops-yield-rates-to-0/,200,200,deleted,,200,still_live_or_needs_purge
batch-11-non-wire-delete-ready-199-results-2026-05-24.csv,139612,monkey-drainer-scammer,https://coincu.com/monkey-drainer-scammer/,200,200,deleted,,200,still_live_or_needs_purge
batch-11-non-wire-delete-ready-199-results-2026-05-24.csv,138232,dogecoin-investors,https://coincu.com/dogecoin-investors/,200,200,deleted,,200,still_live_or_needs_purge
batch-11-non-wire-delete-ready-199-results-2026-05-24.csv,131176,grayscale-reveals-mining-hardware-exposure,https://coincu.com/grayscale-reveals-mining-hardware-exposure/,200,200,deleted,,200,still_live_or_needs_purge
batch-12-non-wire-200-2026-05-25.csv,127059,metamask-airdrop-scam,https://coincu.com/metamask-airdrop-scam/,200,200,deleted,,200,still_live_or_needs_purge
batch-12-non-wire-200-2026-05-25.csv,125603,luke-gromen-bitcoin,https://coincu.com/luke-gromen-bitcoin/,200,200,deleted,,200,still_live_or_needs_purge
batch-12-non-wire-200-2026-05-25.csv,124455,coinbase-insider-trading,https://coincu.com/coinbase-insider-trading/,200,200,deleted,,200,still_live_or_needs_purge
batch-12-non-wire-200-2026-05-25.csv,111499,top-7-nft-scams-to-be-aware-of,https://coincu.com/top-7-nft-scams-to-be-aware-of/,200,200,deleted,,200,still_live_or_needs_purge
batch-12-non-wire-200-2026-05-25.csv,110032,grayscalebear-market-last-250-days,https://coincu.com/grayscalebear-market-last-250-days/,200,,error,Remote end closed connection without response,404,removed_public
