url,title,h1,content_bucket,status_code,indexability,word_count,meta_description_len,clicks,impressions,ctr,position,ref_domains,backlinks,in_live_sitemap,heuristic_action,confidence,priority,reason
https://coincu.com/2024-crypto-wallet-trends-insights-on-exodus-metamask-plus-wallet/,"How Has 2024 Been For the Most Trending Crypto Wallets Of All Time? Get the Latest Scoop on Exodus, MetaMask, & Plus Wallet","How Has 2024 Been For the Most Trending Crypto Wallets Of All Time? Get the Latest Scoop on Exodus, MetaMask, & Plus Wallet",evergreen,200,Indexable,2466,264,0,0,,,0,0,yes,delete,medium,P2,outdated_evergreen
https://coincu.com/5-igaming-trends-of-2024-and-how-to-tap-into-them-thanks-to-icoda/,5 iGaming Trends of 2024 and How to Tap Into Them Thanks to ICODA,5 iGaming Trends of 2024 and How to Tap Into Them Thanks to ICODA,evergreen,200,Indexable,2603,186,0,0,,,0,0,yes,delete,medium,P2,outdated_evergreen
https://coincu.com/akon-net-worth-how-rich-is-he-updated-2024/,Akon Net Worth: How Rich Is He? (Updated 2024),Akon Net Worth: How Rich Is He? (Updated 2024),evergreen,200,Indexable,4138,117,0,0,,,0,0,yes,delete,medium,P2,outdated_evergreen
https://coincu.com/arbitrum-ecosystem-top-5-projects/,Top 5 Best Arbitrum Projects That Can Explode In 2024,Top 5 Best Arbitrum Projects That Can Explode In 2024,evergreen,200,Indexable,3112,88,0,0,,,0,0,yes,delete,medium,P2,outdated_evergreen
https://coincu.com/best-ai-crypto-trading-bots-for-2024/,Best AI Crypto Trading Bots For 2024!,Best AI Crypto Trading Bots For 2024!,evergreen,200,Indexable,3539,136,0,0,,,0,0,yes,delete,medium,P2,outdated_evergreen
https://coincu.com/best-altcoins-to-buy-in-december-2024-qubetics-surpasses-9000-holders-cronos-fuels-cross-border-transactions-and-eos-innovates-supply-chain-solutions/,"Best Altcoins to Buy in December 2024 – Qubetics Surpasses 9,000 Holders, Cronos Fuels Cross-Border Transactions, and EOS Innovates Supply Chain Solutions","Best Altcoins to Buy in December 2024 – Qubetics Surpasses 9,000 Holders, Cronos Fuels Cross-Border Transactions, and EOS Innovates Supply Chain Solutions",evergreen,200,Indexable,2429,197,0,0,,,0,0,yes,delete,medium,P2,outdated_evergreen
https://coincu.com/best-bitcoin-etfs-to-buy/,Best Bitcoin ETFs To Buy In 2024,Best Bitcoin ETFs To Buy In 2024,evergreen,200,Indexable,4133,134,0,0,,,0,0,yes,delete,medium,P2,outdated_evergreen
https://coincu.com/best-cardano-staking-pool/,Best Cardano Staking Pools You Can Choose In 2024,Best Cardano Staking Pools You Can Choose In 2024,evergreen,200,Indexable,4526,96,0,0,,,0,0,yes,delete,medium,P2,outdated_evergreen
https://coincu.com/best-cex-token-in-2024/,Best CEX Token In 2024,Best CEX Token In 2024,evergreen,200,Indexable,4509,149,0,0,,,0,0,yes,delete,medium,P2,outdated_evergreen
https://coincu.com/best-coins-to-invest-in-this-weekend-qubetics-xrp-and-stellars-potential-to-explode-in-december-2024/,Is Qubetics the Next Big Thing? $7M Raised Alongside XRP's Utility and Stellar's Cross-Border Focus!,Is Qubetics the Next Big Thing? $7M Raised Alongside XRP’s Utility and Stellar’s Cross-Border Focus!,evergreen,200,Indexable,2689,148,0,0,,,0,0,yes,delete,medium,P2,outdated_evergreen
https://coincu.com/best-crypto-friendly-banks/,Best Crypto-friendly Banks 2024 You Should Know,Best Crypto-friendly Banks 2024 You Should Know,evergreen,200,Indexable,5210,138,0,0,,,0,0,yes,delete,medium,P2,outdated_evergreen
https://coincu.com/best-crypto-telegram-channels/,Best Crypto Telegram Channels You Should Be Watching in 2024,Best Crypto Telegram Channels You Should Be Watching in 2024,evergreen,200,Indexable,4693,157,0,0,,,0,0,yes,delete,medium,P2,outdated_evergreen
https://coincu.com/best-crypto-to-invest-arctic-pablo-book-of-meme-turbo/,"Arctic Pablo Coin Is the Best Crypto to Invest in 2024, While Book of Meme and Turbo Breaks Barriers With High Returns","Arctic Pablo Coin Is the Best Crypto to Invest in 2024, While Book of Meme and Turbo Breaks Barriers With High Returns",evergreen,200,Indexable,2598,147,0,0,,,0,0,yes,delete,medium,P2,outdated_evergreen
https://coincu.com/best-crypto-wallet/,Ultimate Guide To Choosing The Best Crypto Wallet In 2024,Ultimate Guide To Choosing The Best Crypto Wallet In 2024,evergreen,200,Indexable,5051,170,0,0,,,0,0,yes,delete,medium,P2,outdated_evergreen
https://coincu.com/best-gamefi-projects-to-list-on-binance-2024/,Best GameFi Projects With Potential To List On Binance 2024,Best GameFi Projects With Potential To List On Binance 2024,evergreen,200,Indexable,3196,115,0,0,,,0,0,yes,delete,medium,P2,outdated_evergreen
https://coincu.com/best-meme-coins-to-buy-in-december-2024-for-high-rois-btfd-coin-cat-in-a-dogs-world-and-just-a-chill-guy-are-on-fire/,"Best Meme Coins to Buy in December 2024 for High ROIs: BTFD Coin, Cat in a Dog's World, and Just a Chill Guy Are on Fire","Best Meme Coins to Buy in December 2024 for High ROIs: BTFD Coin, Cat in a Dog’s World, and Just a Chill Guy Are on Fire",evergreen,200,Indexable,2532,149,0,0,,,0,0,yes,delete,medium,P2,outdated_evergreen
https://coincu.com/best-meme-coins-to-invest-in-december-2024-btfd-coin-soars/,"Best Meme Coins to Invest in December 2024: BTFD Coin Raises $4.2M, Book of Meme And Snek Double Digit Drop","Best Meme Coins to Invest in December 2024: BTFD Coin Raises $4.2M, Book of Meme And Snek Double Digit Drop",evergreen,200,Indexable,2845,140,0,0,,,0,0,yes,delete,medium,P2,outdated_evergreen
https://coincu.com/best-new-meme-coins-to-buy-in-december-2024-btfd-coin-baby-doge-and-brett/,Best New Meme Coins to Buy in December 2024: BTFD Coin’s Record-Breaking Presale Momentum Inspires Baby Doge Coin and Brett,Best New Meme Coins to Buy in December 2024: BTFD Coin’s Record-Breaking Presale Momentum Inspires Baby Doge Coin and Brett,evergreen,200,Indexable,2895,161,0,0,,,0,0,yes,delete,medium,P2,outdated_evergreen
https://coincu.com/best-no-kyc-crypto-exchanges-in-2024/,Best No-KYC Crypto Exchanges In 2024,Best No-KYC Crypto Exchanges In 2024,evergreen,200,Indexable,4580,163,0,0,,,0,0,yes,delete,medium,P2,outdated_evergreen
https://coincu.com/best-real-world-assets-tokens-to-watch-in-2024/,Best Real World Assets Tokens To Watch in 2024!,Best Real World Assets Tokens To Watch in 2024!,evergreen,200,Indexable,3875,233,0,0,,,0,0,yes,delete,medium,P2,outdated_evergreen
https://coincu.com/best-solana-nft-marketplaces/,Best Solana NFT Marketplaces In 2024 You Should Know,Best Solana NFT Marketplaces In 2024 You Should Know,evergreen,200,Indexable,4009,170,0,0,,,0,0,yes,delete,medium,P2,outdated_evergreen
https://coincu.com/binance-will-stop-supporting-busd-in-2024/,Binance Will Stop Supporting BUSD In 2024,Binance Will Stop Supporting BUSD In 2024,evergreen,200,Indexable,1928,137,0,0,,,0,0,yes,delete,medium,P2,outdated_evergreen
https://coincu.com/bitcoin-code-review-2023-trading-bots/,Bitcoin Code Review 2023: The Rage Of Trading Bots Has Just Begun!,Bitcoin Code Review 2023: The Rage Of Trading Bots Has Just Begun!,evergreen,200,Indexable,2885,204,0,0,,,0,0,yes,delete,medium,P2,outdated_evergreen
https://coincu.com/bitcoin-price-prediction-2024-90000-value-expect/,"Bitcoin Price Prediction 2024: $90,000 Value Expected By Bernstein","Bitcoin Price Prediction 2024: $90,000 Value Expected By Bernstein",evergreen,200,Indexable,2136,151,0,0,,,0,0,yes,delete,medium,P2,outdated_evergreen
https://coincu.com/bitcoin-price-prediction-for-2024-2025-2026-2030/,"Bitcoin Price Prediction For 2024, 2025, 2026 and 2030: Super Crypto Bull Run - Coincu - Latest Cryptocurrency News and Analysis","Bitcoin Price Prediction For 2024, 2025, 2026 and 2030: Super Crypto Bull Run",evergreen,200,Indexable,3036,181,0,0,,,0,0,yes,delete,medium,P2,outdated_evergreen
https://coincu.com/bittensor-review-2024-machine-intelligence/,Bittensor Review: Machine Intelligence's Future Unveiled?,Bittensor Review: Machine Intelligence’s Future Unveiled?,evergreen,200,Indexable,3165,104,0,0,,,0,0,yes,delete,medium,P2,outdated_evergreen
https://coincu.com/blockshow-x-blockdown-asia/,BlockShow X BlockDown Asia 2024: Uniting the World of Web3 in Hong Kong's Cyberport,BlockShow X BlockDown Asia 2024: Uniting the World of Web3 in Hong Kong’s Cyberport,evergreen,200,Indexable,2078,151,0,0,,,0,0,yes,delete,medium,P2,outdated_evergreen
https://coincu.com/bnb-hackathon-winners-2024-announced-top-project/,BNB Hackathon Winners 2024 Announced with Top Projects,BNB Hackathon Winners 2024 Announced with Top Projects,evergreen,200,Indexable,2145,100,0,0,,,0,0,yes,delete,medium,P2,outdated_evergreen
https://coincu.com/book-of-meme-old-news-this-best-meme-coin-to-invest-in-2024-is-multiplying-gains-like-a-champ/,Book of Meme Old News? This Best Meme Coin to Invest in 2024 Is Multiplying Gains Like a Champ,Book of Meme Old News? This Best Meme Coin to Invest in 2024 Is Multiplying Gains Like a Champ,evergreen,200,Indexable,2783,96,0,0,,,0,0,yes,delete,medium,P2,outdated_evergreen
https://coincu.com/btcex-review-a-2023-user-friendly-interface/,BTCEX Review: A 2023 Exchange With User-Friendly Interface & Convenient Features,BTCEX Review: A 2023 Exchange With User-Friendly Interface & Convenient Features,evergreen,200,Indexable,3585,158,0,0,,,0,0,yes,delete,medium,P2,outdated_evergreen
https://coincu.com/buy-dogecoin-on-etoro-easy-step-by-step-guide/,Buy Dogecoin on eToro: Easy Step-by-Step Guide for Beginners (2024),Buy Dogecoin on eToro: Step-by-Step Guide for Beginners (2024),evergreen,200,Indexable,3581,175,0,0,,,0,0,yes,delete,medium,P2,outdated_evergreen
https://coincu.com/carrieverse-the-metaverse-game-explode-2023/,CARRIEVERSE - The Metaverse Game About To Explode This Summer 2023,CARRIEVERSE – The Metaverse Game About To Explode This Summer 2023,evergreen,200,Indexable,2589,323,0,0,,,0,0,yes,delete,medium,P2,outdated_evergreen
https://coincu.com/coinbase-wallet-no-support-xrp-jan-2023/,Coinbase Wallet Will No Longer Support XRP As Of January 2023,Coinbase Wallet Will No Longer Support XRP As Of January 2023,evergreen,200,Indexable,1996,190,0,0,,,0,0,yes,delete,medium,P2,outdated_evergreen
https://coincu.com/coincheck-review-the-simplest-way/,Coincheck Review: The Simplest Way To Exchange Your Cryptocurrency In 2024,Coincheck Review: The Simplest Way To Exchange Your Cryptocurrency In 2024,evergreen,200,Indexable,3466,429,0,0,,,0,0,yes,delete,medium,P2,outdated_evergreen
https://coincu.com/crypto-prediction-2024-will-etfswap-etfs-outperform-internet-computer-icp-and-tron-trx/,Crypto Prediction 2024: Will ETFSwap (ETFS) Outperform Internet Computer (ICP) And Tron (TRX)?,Crypto Prediction 2024: Will ETFSwap (ETFS) Outperform Internet Computer (ICP) And Tron (TRX)?,evergreen,200,Indexable,2343,127,0,0,,,0,0,yes,delete,medium,P2,outdated_evergreen
https://coincu.com/crypto-usage-at-us-online-casinos-in-2024/,Crypto Usage at US Online Casinos in 2024,Crypto Usage at US Online Casinos in 2024,evergreen,200,Indexable,2408,150,0,0,,,0,0,yes,delete,medium,P2,outdated_evergreen
https://coincu.com/djt-stock-price-prediction/,DJT Stock Price Prediction: Will the 2024 Boom Happen?,DJT Stock Price Prediction: Will the 2024 Boom Happen?,evergreen,200,Indexable,3309,99,0,0,,,0,0,yes,delete,medium,P2,outdated_evergreen
https://coincu.com/dual-chain-trading-platform-tagged-as-best-crypto-investment-in-2024-ahead-of-binance-coin-and-dogecoin/,Dual-Chain Trading Platform Tagged As Best Crypto Investment in 2024 Ahead of Binance Coin and Dogecoin,Dual-Chain Trading Platform Tagged As Best Crypto Investment in 2024 Ahead of Binance Coin and Dogecoin,evergreen,200,Indexable,2461,220,0,0,,,0,0,yes,delete,medium,P2,outdated_evergreen
https://coincu.com/dydx-trump-perp-prediction-market-launched/,dYdX Trump Perp Prediction Market Launched for 2024 Election,dYdX Trump Perp Prediction Market Launched for 2024 Election,evergreen,200,Indexable,2148,158,0,0,,,0,0,yes,delete,medium,P2,outdated_evergreen
https://coincu.com/fetchai-review-ai-coin-storming-fet/,Fetch.AI Review: Don't Miss AI Coin Storming FET In 2023,Fetch.AI Review: Don’t Miss AI Coin Storming FET In 2024,evergreen,200,Indexable,3272,165,0,0,,,0,0,yes,delete,medium,P2,outdated_evergreen
https://coincu.com/gala-games-will-launch-pay-by-burn/,Gala Games Will Launch Pay By Burn Program In Q1/2023,Gala Games Will Launch Pay By Burn Program In Q1/2023,evergreen,200,Indexable,2043,179,0,0,,,0,0,yes,delete,medium,P2,outdated_evergreen
https://coincu.com/global-blockchain-show-2024/,Global Blockchain Show 2024: A Premier Web3 Founders’ Festival,Global Blockchain Show 2024: A Premier Web3 Founders’ Festival,evergreen,200,Indexable,2178,156,0,0,,,0,0,yes,delete,medium,P2,outdated_evergreen
https://coincu.com/hamster-kombat-price-prediction/,Hamster Kombat Price Prediction for 2024-2030: Potential Highs & Lows,Hamster Kombat Price Prediction for 2024-2030: Potential Highs & Lows,evergreen,200,Indexable,3304,152,0,0,,,0,0,yes,delete,medium,P2,outdated_evergreen
https://coincu.com/hasbulla-net-worth/,Hasbulla Net Worth 2024: How Did Hasbik Get Rich? (A Case Study),Hasbulla Net Worth 2024: How Did Hasbik Get Rich? (A Case Study),evergreen,200,Indexable,3952,169,0,0,,,0,0,yes,delete,medium,P2,outdated_evergreen
https://coincu.com/hbar-price-prediction/,HBAR Price Prediction: Potential Trends and Analysis for 2024-2030,HBAR Price Prediction: Potential Trends and Analysis for 2024-2030,evergreen,200,Indexable,3525,172,0,0,,,0,0,yes,delete,medium,P2,outdated_evergreen
https://coincu.com/how-daos-and-blockchain-can-help-your-business-in-2023/,How DAOs and Blockchain Can Help Your Business in 2023,How DAOs and Blockchain Can Help Your Business in 2023,evergreen,200,Indexable,2428,124,0,0,,,0,0,yes,delete,medium,P2,outdated_evergreen
https://coincu.com/how-to-build-a-discord-community/,How to Build a Discord Community for Crypto Project in 2024,How To Build A Discord Community For Crypto Project In 2024,evergreen,200,Indexable,3970,195,0,0,,,0,0,yes,delete,medium,P2,outdated_evergreen
https://coincu.com/how-to-use-the-phemex-launchpad-in-2023/,How To Use Phemex Launchpad: Little-known Facts You Should Be Aware In 2023,How To Use Phemex Launchpad: Little-known Facts You Should Be Aware In 2023,evergreen,200,Indexable,3115,217,0,0,,,0,0,yes,delete,medium,P2,outdated_evergreen
https://coincu.com/hyperliquid-airdrop-set-new-standard-crypto-2024/,Hyperliquid Airdrop Sets New Standard in Crypto for 2024,Hyperliquid Airdrop Sets New Standard in Crypto for 2024,evergreen,200,Indexable,2263,135,0,0,,,0,0,yes,delete,medium,P2,outdated_evergreen
https://coincu.com/idex-review-a-decentralized-secure-platform/,IDEX Review: A Decentralized And Secure Platform For Cryptocurrency Trading In 2023,IDEX Review: A Decentralized And Secure Platform For Cryptocurrency Trading In 2024,evergreen,200,Indexable,4406,373,0,0,,,0,0,yes,delete,medium,P2,outdated_evergreen
https://coincu.com/layerzero-token-airdrop-to-launch-in-early-2024/,LayerZero Token Airdrop Announced To Launch In Early 2024,LayerZero Token Airdrop Announced To Launch In Early 2024,evergreen,200,Indexable,1965,195,0,0,,,0,0,yes,delete,medium,P2,outdated_evergreen
https://coincu.com/litecoin-visa-cards-stop-working-may-1-2023/,"US Litecoin Visa Cards Will Stop Working May 1, 2023","US Litecoin Visa Cards Will Stop Working May 1, 2023",evergreen,200,Indexable,2005,197,0,0,,,0,0,yes,delete,medium,P2,outdated_evergreen
https://coincu.com/loopring-review-the-benefits-of-loopring/,"Loopring Review: Unlocking The Benefits Of Loopring, 2023 Comprehensive Review","Loopring Review: Unlocking The Benefits Of Loopring, 2024 Comprehensive Review",evergreen,200,Indexable,3714,217,0,0,,,0,0,yes,delete,medium,P2,outdated_evergreen
https://coincu.com/lsdfi-top-6-potential-projects/,What is LSDFi? Best LSDFi Projects That Will Explode In 2024,What is LSDFi? Best LSDFi Projects That Will Explode In 2024,evergreen,200,Indexable,3111,118,0,0,,,0,0,yes,delete,medium,P2,outdated_evergreen
https://coincu.com/mexc-review-is-it-safe-or-scam/,MEXC Review 2023: Is It Safe Or Scam?,MEXC Review 2023: Is It Safe Or Scam?,evergreen,200,Indexable,3117,150,0,0,,,0,0,yes,delete,medium,P2,outdated_evergreen
https://coincu.com/moonhop-referral-program-vs-layerzero-forecast-blockdag-launch/,"Invest in the Best: 2024’s Top Cryptocurrency Features MOONHOP with a 50x ROI and 10% Reward, Overpowers ZRO as BlockDAG Presale Advances","Invest in the Best: 2024’s Top Cryptocurrency Features MOONHOP with a 50x ROI and 10% Reward, Overpowers ZRO as BlockDAG Presale Advances",evergreen,200,Indexable,2289,192,0,0,,,0,0,yes,delete,medium,P2,outdated_evergreen
https://coincu.com/nftfi-review-top-5-projects-to-keep-an-eye/,NFTFi Review: Top 5 Projects To Keep An Eye On In 2024,NFTFi Review: Top 5 Projects To Keep An Eye On In 2024,evergreen,200,Indexable,4787,134,0,0,,,0,0,yes,delete,medium,P2,outdated_evergreen
https://coincu.com/pawfury-leads-the-way-top-crypto-investment-opportunities-including-aptos-sei-kaspa-and-near-protocol/,5 Budget-Friendly Cryptocurrencies to Invest in for 2024 Gains,5 Budget-Friendly Cryptocurrencies to Invest in for 2024 Gains,evergreen,200,Indexable,2333,226,0,0,,,0,0,yes,delete,medium,P2,outdated_evergreen
https://coincu.com/phemex-review-reliable-hassle-free-exchange/,Phemex Review: One Of The Most Reliable And Hassle-free Exchanges In 2023,Phemex Review: One Of The Most Reliable And Hassle-free Exchanges In 2024,evergreen,200,Indexable,3535,433,0,0,,,0,0,yes,delete,medium,P2,outdated_evergreen
https://coincu.com/phemex-spot-trading-2023-guide-spot-market/,Phemex Spot Trading 2023 Guide: How To Use Spot Market And Converter Step-By-Step,Phemex Spot Trading 2023 Guide: How To Use Spot Market And Converter Step-By-Step,evergreen,200,Indexable,3390,410,0,0,,,0,0,yes,delete,medium,P2,outdated_evergreen
https://coincu.com/poloniex-review-features-pros-cons/,Poloniex Review: Deep Look Into Features With Pros And Cons In 2023,Poloniex Review: Deep Look Into Features With Pros And Cons In 2024,evergreen,200,Indexable,3879,387,0,0,,,0,0,yes,delete,medium,P2,outdated_evergreen
https://coincu.com/probit-review-an-exchange-built-2023/,ProBit Review: An Exchange Built With High Authority And Unique Features For 2023,ProBit Review: An Exchange Built With High Authority And Unique Features For 2024,evergreen,200,Indexable,3815,396,0,0,,,0,0,yes,delete,medium,P2,outdated_evergreen
https://coincu.com/qubetics-200-to-96k-potential-tron-scrutiny-immutable-x-nft-dominance-best-altcoin-for-2024/,"Qubetics: $200-to-$96K Potential, Tron Scrutiny, & Immutable X NFT Dominance – Best Altcoin for 2024!","Qubetics: $200-to-$96K Potential, Tron Scrutiny, & Immutable X NFT Dominance – Best Altcoin for 2024!",evergreen,200,Indexable,2439,164,0,0,,,0,0,yes,delete,medium,P2,outdated_evergreen
https://coincu.com/qubetics-raises-6-9m-as-solana-eyes-4000-and-cronos-gains-momentum-best-cryptos-to-buy-in-december-2024/,"Qubetics Innovates Payments as Solana Targets $4,000 and Cronos Gains Adoption, Here’s Your Playbook on Best Crypto for This Month","Qubetics Innovates Payments as Solana Targets $4,000 and Cronos Gains Adoption, Here’s Your Playbook on Best Crypto for This Month",evergreen,200,Indexable,2786,166,0,0,,,0,0,yes,delete,medium,P2,outdated_evergreen
https://coincu.com/qubetics-tics-binance-bnb-and-injective-inj-best-cryptos-to-buy-for-december-2024-with-real-world-utility-and-high-roi-potential/,"391M $TICS Tokens Sold, Binance $BNB Tops DeFi Charts, and Injective $INJ Builds Financial Freedom: Best Cryptos to Buy for December 2024","391M $TICS Tokens Sold, Binance $BNB Tops DeFi Charts, and Injective $INJ Builds Financial Freedom: Best Cryptos to Buy for December 2024",evergreen,200,Indexable,2628,169,0,0,,,0,0,yes,delete,medium,P2,outdated_evergreen
https://coincu.com/solidlizard-review-arbitrum-based-protocol/,SolidLizard Review: Arbitrum-based Protocol To Easily Earn Some In 2023,SolidLizard Review: Arbitrum-based Protocol To Easily Earn Some In 2024,evergreen,200,Indexable,3788,235,0,0,,,0,0,yes,delete,medium,P2,outdated_evergreen
https://coincu.com/square-enix-set-to-double-blockchain-game/,Square Enix Set To Double Down Blockchain Game In 2023,Squre Enix Set To Double Down Blockchain Game In 2023,evergreen,200,Indexable,2195,253,0,0,,,0,0,yes,delete,medium,P2,outdated_evergreen
https://coincu.com/stock-sales-by-top-cryptocurrency-executives/,Stock Sales By Top Cryptocurrency Executives In 2024,Stock Sales By Top Cryptocurrency Executives In 2024,evergreen,200,Indexable,2196,141,0,0,,,0,0,yes,delete,medium,P2,outdated_evergreen
https://coincu.com/tether-on-chain-wallets-reach-109-million/,Tether On-chain Wallets Reach 109 Million By Q4 2024,Tether On-chain Wallets Reach 109 Million By Q4 2024,evergreen,200,Indexable,2139,149,0,0,,,0,0,yes,delete,medium,P2,outdated_evergreen
https://coincu.com/the-best-crypto-wallets-for-security-flexibility-in-2024/,Best Crypto Wallets of 2024 for Security and Maximum Gains — The Ultimate Roundup of Top Digital Asset Management Tools,Best Crypto Wallets of 2024 for Security and Maximum Gains — The Ultimate Roundup of Top Digital Asset Management Tools,evergreen,200,Indexable,2563,180,0,0,,,0,0,yes,delete,medium,P2,outdated_evergreen
https://coincu.com/top-10-best-real-world-asset-coins-in-2024/,Top 10 Best Real World Asset Coins In 2024,Top 10 Best Real World Asset Coins In 2024,evergreen,200,Indexable,4629,95,0,0,,,0,0,yes,delete,medium,P2,outdated_evergreen
https://coincu.com/top-10-outstanding-ido-platforms-2023-2/,Top 10 Outstanding IDO Platforms 2023 (Part 2),Top 10 Outstanding IDO Platforms 2023 (Part 2),evergreen,200,Indexable,2487,161,0,0,,,0,0,yes,delete,medium,P2,outdated_evergreen
https://coincu.com/top-10-outstanding-ido-platforms-2023/,Top 10 Outstanding IDO Platforms 2023 (Part 1),Top 10 Outstanding IDO Platforms 2023 (Part 1),evergreen,200,Indexable,2590,290,0,0,,,0,0,yes,delete,medium,P2,outdated_evergreen
https://coincu.com/top-3-crypto-2024-o2t-binance-coin-and-near/,Top 3 Cryptocurrencies 2024: O2T Binance Coin and Near Protocol Show Positive Signs Of Massive Growth,Top 3 Cryptocurrencies 2024: O2T Binance Coin and Near Protocol Show Positive Signs Of Massive Growth,evergreen,200,Indexable,2247,236,0,0,,,0,0,yes,delete,medium,P2,outdated_evergreen
https://coincu.com/top-5-best-crypto-airdrops-2023/,Top 5 Best Crypto Airdrops 2023,Top 5 Best Crypto Airdrops 2023,evergreen,200,Indexable,4247,105,0,0,,,0,0,yes,delete,medium,P2,outdated_evergreen
https://coincu.com/top-5-best-crypto-audit-companies/,Top 5 Best Crypto Audit Companies In 2024,Top 5 Best Crypto Audit Companies In 2024,evergreen,200,Indexable,3436,139,0,0,,,0,0,yes,delete,medium,P2,outdated_evergreen
https://coincu.com/top-5-best-crypto-news-platforms/,Top 5 Best Crypto News Platforms In 2024,Top 5 Best Crypto News Platforms In 2024,evergreen,200,Indexable,3670,136,0,0,,,0,0,yes,delete,medium,P2,outdated_evergreen
https://coincu.com/top-5-best-crypto-wallets-in-2024-secure-rewarding-and-user-friendly-picks/,5 Best Crypto Wallets in 2024: Top Picks for Secure and Convenient Crypto Management,5 Best Crypto Wallets in 2024: Top Picks for Secure and Convenient Crypto Management,evergreen,200,Indexable,2918,209,0,0,,,0,0,yes,delete,medium,P2,outdated_evergreen
https://coincu.com/top-5-best-gamefi-projects/,Top 10 Best GameFi Projects In 2024,Top 10 Best GameFi Projects In 2024,evergreen,200,Indexable,6917,156,0,0,,,0,0,yes,delete,medium,P2,outdated_evergreen
https://coincu.com/top-5-best-meme-coins/,Top 5 Best Meme Coins In 2024,Top 5 Best Meme Coins In 2024,evergreen,200,Indexable,4966,155,0,0,,,0,0,yes,delete,medium,P2,outdated_evergreen
https://coincu.com/top-5-best-metaverse-coins-to-invest-in-2024/,Top 10 Best Metaverse Coins To Invest In 2024,Top 10 Best Metaverse Coins To Invest In 2024,evergreen,200,Indexable,5967,175,0,0,,,0,0,yes,delete,medium,P2,outdated_evergreen
https://coincu.com/top-5-best-plinko-gambling-sites/,Top 5 Best Plinko Gambling Sites In 2024,Top 5 Best Plinko Gambling Sites In 2024,evergreen,200,Indexable,4122,121,0,0,,,0,0,yes,delete,medium,P2,outdated_evergreen
https://coincu.com/top-5-best-solana-dexs-in-2024/,Top 5 Best Solana DEXs In 2024,Top 5 Best Solana DEXs In 2024,evergreen,200,Indexable,3805,126,0,0,,,0,0,yes,delete,medium,P2,outdated_evergreen
https://coincu.com/top-5-best-wallets-on-solana/,TOP 5 Best Solana Wallets in 2023,TOP 5 Best Solana Wallets in 2023,evergreen,200,Indexable,3005,216,0,0,,,0,0,yes,delete,medium,P2,outdated_evergreen
https://coincu.com/top-5-bitcoin-esports-betting-sites/,Top 5 Bitcoin Esports Betting Sites In 2024,Top 5 Bitcoin Esports Betting Sites In 2024,evergreen,200,Indexable,4166,160,0,0,,,0,0,yes,delete,medium,P2,outdated_evergreen
https://coincu.com/top-5-crash-gambling-sites/,Top 5 Crash Gambling Sites In 2024,Top 5 Crash Gambling Sites In 2024,evergreen,200,Indexable,4210,123,0,0,,,0,0,yes,delete,medium,P2,outdated_evergreen
https://coincu.com/top-5-crypto-friendly-countries/,Top 5 Crypto-friendly Countries In 2024,Top 5 Crypto-friendly Countries In 2024,evergreen,200,Indexable,3378,123,0,0,,,0,0,yes,delete,medium,P2,outdated_evergreen
https://coincu.com/top-5-crypto-venture-capital-firms/,Top 5 Crypto Venture Capital Firms In 2024,Top 5 Crypto Venture Capital Firms In 2024,evergreen,200,Indexable,3438,130,0,0,,,0,0,yes,delete,medium,P2,outdated_evergreen
https://coincu.com/top-5-new-projects-on-zksync-era-ecosystem/,Top 5 New Projects On zkSync Era Ecosystem In 2023,Top 5 New Projects On zkSync Era Ecosystem In 2024,evergreen,200,Indexable,3020,185,0,0,,,0,0,yes,delete,medium,P2,outdated_evergreen
https://coincu.com/top-5-notable-account-abstraction-wallet-project/,Top 5 Notable Account Abstraction Wallet Projects In 2023,Top 5 Notable Account Abstraction Wallet Projects In 2024,evergreen,200,Indexable,3881,138,0,0,,,0,0,yes,delete,medium,P2,outdated_evergreen
https://coincu.com/top-5-smart-contract-wallet-projects/,Top 5 Smart Contract Wallet Projects In 2024,Top 5 Smart Contract Wallet Projects In 2024,evergreen,200,Indexable,3003,150,0,0,,,0,0,yes,delete,medium,P2,outdated_evergreen
https://coincu.com/top-5-socialfi-projects/,Top 5 SocialFi Projects You Should Know In 2024,Top 5 SocialFi Projects You Should Know In 2024,evergreen,200,Indexable,3883,151,0,0,,,0,0,yes,delete,medium,P2,outdated_evergreen
https://coincu.com/top-5-uncollateralized-lending-projects/,Top 5 Uncollateralized Lending Projects In 2023,Top 5 Uncollateralized Lending Projects In 2023,evergreen,200,Indexable,5006,103,0,0,,,0,0,yes,delete,medium,P2,outdated_evergreen
https://coincu.com/top-7-terrific-ethereum-games/,Top 7 Terrific Ethereum Games Worth Spending Time For 2023,Top 7 Terrific Ethereum Games Worth Spending Time For 2024,evergreen,200,Indexable,3106,205,0,0,,,0,0,yes,delete,medium,P2,outdated_evergreen
https://coincu.com/top-8-ways-to-make-passive-income-through-cryptocurrency-in-2024/,Top 8 Ways to Make Passive Income Through Cryptocurrency in 2024,Top 8 Ways to Make Passive Income Through Cryptocurrency in 2024,evergreen,200,Indexable,2433,169,0,0,,,0,0,yes,delete,medium,P2,outdated_evergreen
https://coincu.com/top-9-crypto-influencers-on-%F0%9D%95%8F-twitter-worth-following-in-2024-for-beginners-9-is-the-best/,Top 9 Crypto Influencers on X (Twitter) Worth Following in 2024 For Beginners - 9 is The Best!!!,Top 9 Crypto Influencers on X (Twitter) Worth Following in 2024 For Beginners – 9 is The Best!!!,evergreen,200,Indexable,3078,225,0,0,,,0,0,no,delete,medium,P2,not_in_live_sitemap; outdated_evergreen
https://coincu.com/top-ai-trading-platforms-expert-rankings-reviews/,Top 10 AI Trading Platforms for 2024: Expert Rankings & Reviews,Top 10 AI Trading Platforms for 2024: Expert Rankings & Reviews,evergreen,200,Indexable,5060,170,0,0,,,0,0,yes,delete,medium,P2,outdated_evergreen
https://coincu.com/top-altcoin-gainers-in-2023/,Top Altcoin Gainers In 2023: Overview And Future Prospect,Top Altcoin Gainers In 2023: Overview And Future Prospect,evergreen,200,Indexable,4410,131,0,0,,,0,0,yes,delete,medium,P2,outdated_evergreen
https://coincu.com/top-best-bitcoin-mining-hardware/,Best Bitcoin Mining Hardwares In 2024 (Expert Reviewed),Best Bitcoin Mining Hardwares In 2024 (Expert Reviewed),evergreen,200,Indexable,4288,158,0,0,,,0,0,yes,delete,medium,P2,outdated_evergreen
https://coincu.com/top-best-crypto-faucets-for-free-rewards-in-2024/,Top Best Crypto Faucets for Free Rewards in 2024,Top Best Crypto Faucets for Free Rewards in 2024,evergreen,200,Indexable,4651,142,0,0,,,0,0,yes,delete,medium,P2,outdated_evergreen
https://coincu.com/top-best-decentralized-crypto-exchanges/,Top 5 Best Decentralized Crypto Exchanges In 2024,Top 5 Best Decentralized Crypto Exchanges In 2024,evergreen,200,Indexable,5027,163,0,0,,,0,0,yes,delete,medium,P2,outdated_evergreen
https://coincu.com/top-bitcoin-cash-casinos-sites/,Top Bitcoin Cash Casino Sites You Should Look Out In 2023,Top Bitcoin Cash Casino Sites You Should Look Out In 2023,evergreen,200,Indexable,5758,175,0,0,,,0,0,yes,delete,medium,P2,outdated_evergreen
https://coincu.com/top-community-platform-for-crypto-projects-2024/,Top 4 Community Platform For Crypto Projects 2024,Top 4 Community Platform For Crypto Projects 2024,evergreen,200,Indexable,3855,158,0,0,,,0,0,yes,delete,medium,P2,outdated_evergreen
https://coincu.com/top-crypto-coins-to-watch-in-2024-polygon-manta-network-and-pawfury/,Top Crypto Coins to Watch in 2024 – Here’s What You Need to Know,Top Crypto Coins to Watch in 2024 – Here’s What You Need to Know,evergreen,200,Indexable,2490,175,0,0,,,0,0,yes,delete,medium,P2,outdated_evergreen
https://coincu.com/top-crypto-events/,Top Crypto Events To Expect In The Second Half Of 2023,Top Crypto Events To Expect In The Second Half Of 2023,evergreen,200,Indexable,4046,145,0,0,,,0,0,yes,delete,medium,P2,outdated_evergreen
https://coincu.com/top-crypto-launchpads-to-watch-in-2024/,Top Crypto Launchpads To Watch In 2024,Top Crypto Launchpads To Watch In 2024,evergreen,200,Indexable,4414,170,0,0,,,0,0,yes,delete,medium,P2,outdated_evergreen
https://coincu.com/top-cryptocurrencies-you-should-keep-an-eye-on-in-2024/,Top Cryptocurrencies to Watch in 2024,Top Cryptocurrencies to Watch in 2024,evergreen,200,Indexable,2673,242,0,0,,,0,0,yes,delete,medium,P2,outdated_evergreen
https://coincu.com/top-cryptocurrency-projects-2023-solid-growth/,Top Cryptocurrency Projects 2023 With Solid Growth,Top Cryptocurrency Projects 2023 With Solid Growth,evergreen,200,Indexable,4446,236,0,0,,,0,0,yes,delete,medium,P2,outdated_evergreen
https://coincu.com/top-cryptocurrency-trends-to-watch-in-2024/,Top Cryptocurrency Trends to watch in 2024,Top Cryptocurrency Trends to watch in 2024,evergreen,200,Indexable,4103,178,0,0,,,0,0,yes,delete,medium,P2,outdated_evergreen
https://coincu.com/top-cryptos-for-2024-blockdag-pepe-all-stars-flockerz/,Struggling to Find the Right Crypto? Explore Top Crypto Presales for Massive Returns!,Struggling to Find the Right Crypto? Explore Top Crypto Presales for Massive Returns!,evergreen,200,Indexable,2514,142,0,0,,,0,0,yes,delete,medium,P2,outdated_evergreen
https://coincu.com/top-defi-protocols-list-led-makerdao/,Top DeFi Protocols List In 2023 Led By MakerDAO,Top DeFi Protocols List In 2023 Led By MakerDAO,evergreen,200,Indexable,2094,107,0,0,,,0,0,yes,delete,medium,P2,outdated_evergreen
https://coincu.com/top-layer-2-excels-on-ethereum-2023/,Top Layer 2 Excels On Ethereum 2023,Top Layer 2 Excels On Ethereum 2023,evergreen,200,Indexable,3249,133,0,0,,,0,0,yes,delete,medium,P2,outdated_evergreen
https://coincu.com/top-liquid-restaking-tokens-to-watch/,Top Liquid Restaking Tokens To Watch In 2024,Top Liquid Restaking Tokens To Watch In 2024,evergreen,200,Indexable,4034,155,0,0,,,0,0,yes,delete,medium,P2,outdated_evergreen
https://coincu.com/top-meme-coins-on-aptos/,Top 5 Meme Coins On Aptos Ecosystem With Potential in 2024,Top 5 Meme Coins On Aptos Ecosystem With Potential in 2024,evergreen,200,Indexable,3992,164,0,0,,,0,0,yes,delete,medium,P2,outdated_evergreen
https://coincu.com/top-multi-chain-crypto-projects/,Top Multi-Chain Crypto Projects In 2024,Top Multi-Chain Crypto Projects In 2024,evergreen,200,Indexable,5138,162,0,0,,,0,0,yes,delete,medium,P2,outdated_evergreen
https://coincu.com/top-notable-socialfi-crypto-projects/,Top 15 Notable SocialFi Crypto Projects In 2024,Top 15 Notable SocialFi Crypto Projects In 2024,evergreen,200,Indexable,4060,119,0,0,,,0,0,yes,delete,medium,P2,outdated_evergreen
https://coincu.com/top-notable-solana-bridges-in-2024/,Top Notable Solana Bridges In 2024,Top Notable Solana Bridges In 2024,evergreen,200,Indexable,4039,128,0,0,,,0,0,yes,delete,medium,P2,outdated_evergreen
https://coincu.com/top-reactions-to-bitcoin-reaching-100000/,"Top Reactions to Bitcoin Reaching $100,000 in December 2024","Top Reactions to Bitcoin Reaching $100,000 in December 2024",evergreen,200,Indexable,2573,182,0,0,,,0,0,yes,delete,medium,P2,outdated_evergreen
https://coincu.com/top-solana-meme-coins-you-should-pay-attention/,Top Solana Meme Coins You Should Pay Attention In 2024,Top Solana Meme Coins You Should Pay Attention In 2024,evergreen,200,Indexable,4107,140,0,0,,,0,0,yes,delete,medium,P2,outdated_evergreen
https://coincu.com/top-ton-nft-marketplaces-for-you-in-2024/,Top TON NFT Marketplaces For You In 2024,Top TON NFT Marketplaces For You In 2024,evergreen,200,Indexable,3395,101,0,0,,,0,0,yes,delete,medium,P2,outdated_evergreen
https://coincu.com/top-wallets-on-ton-you-should-choose/,Top Wallets on TON Network You Should Choose in 2024,Top Wallets on TON Network You Should Choose in 2024,evergreen,200,Indexable,4055,99,0,0,,,0,0,yes,delete,medium,P2,outdated_evergreen
https://coincu.com/top-zero-fee-crypto-exchange-platforms/,Top Zero-Fee Crypto Exchange Platforms (2024),Top Zero-Fee Crypto Exchange Platforms (2024),evergreen,200,Indexable,4163,148,0,0,,,0,0,yes,delete,medium,P2,outdated_evergreen
https://coincu.com/tristan-tate-net-worth/,Tristan Tate Net Worth 2024: How Rich Is Talisman? (A Case Study),Tristan Tate Net Worth 2024: How Rich Is Talisman? (A Case Study),evergreen,200,Indexable,3764,167,0,0,,,0,0,yes,delete,medium,P2,outdated_evergreen
https://coincu.com/understanding-hot-wallets-and-cold-wallets/,Understanding Hot Wallets And Cold Wallets To Secure Your Digital Assets In 2023,Understanding Hot Wallets And Cold Wallets To Secure Your Digital Assets In 2024,evergreen,200,Indexable,3052,325,0,0,,,0,0,yes,delete,medium,P2,outdated_evergreen
https://coincu.com/unveiling-the-power-of-dydx-token-a-2023/,Unveiling The Power Of DYDX Token: A 2023 Comprehensive Guide To Its Tokenomics,Unveiling The Power Of DYDX Token: A 2023 Comprehensive Guide To Its Tokenomics,evergreen,200,Indexable,3446,370,0,0,,,0,0,yes,delete,medium,P2,outdated_evergreen
https://coincu.com/what-coinscreener-ai-simplify-gain-profit/,CoinScreener Review: Simplify Your Decisions To Gain Super Profit With AI In 2023,CoinScreener Review: Simplify Your Decisions To Gain Super Profit With AI In 2024,evergreen,200,Indexable,2512,377,0,0,,,0,0,yes,delete,medium,P2,outdated_evergreen
https://coincu.com/what-is-dan-bilzerian-net-worth-in-2024/,What Is Dan Bilzerian Net Worth In 2024: Inside The King of Instagram's Wealth,What Is Dan Bilzerian Net Worth In 2024: Inside The King of Instagram’s Wealth,evergreen,200,Indexable,3442,149,0,0,,,0,0,yes,delete,medium,P2,outdated_evergreen
https://coincu.com/worldcoin-revolutionize-cryptocurrencies/,Worldcoin Review: The New Project Expected To Boom In 2024 - Coincu - Latest Cryptocurrency News and Analysis 1,Worldcoin Review: The New Project Expected To Boom In 2024,evergreen,200,Indexable,3304,124,0,0,,,0,0,yes,delete,medium,P2,outdated_evergreen
https://coincu.com/xexchange-review-maiar-dex-2-0-reborns/,xExchange Review: Maiar DEX 2.0 Now Reborns With Novel Features For 2023,xExchange Review: Maiar DEX 2.0 Now Reborns With Novel Features For 2024,evergreen,200,Indexable,4571,429,0,0,,,0,0,yes,delete,medium,P2,outdated_evergreen
https://coincu.com/xverse-wallet-connecting-bitcoin-ordinals/,Xverse Wallet Review: Connecting Users With Trend Bitcoin Ordinals And More In 2023,Xverse Wallet Review: Connecting Users With Trend Bitcoin Ordinals And More In 2024,evergreen,200,Indexable,3229,177,0,0,,,0,0,yes,delete,medium,P2,outdated_evergreen
