post_id,post_name,url,api_delete_http_status,api_delete_result,api_note,public_status_after_delete,final_verdict
178764,sui-network-airdrop,https://coincu.com/sui-network-airdrop/,200,deleted,,404,removed_public
178631,metamask-support-nft-view,https://coincu.com/metamask-support-nft-view/,200,deleted,,404,removed_public
178540,will-dogecoin-become-currency-of-twitter,https://coincu.com/will-dogecoin-become-currency-of-twitter/,200,deleted,,404,removed_public
178519,sei-network-to-launch-sunken-treasure-nft,https://coincu.com/sei-network-to-launch-sunken-treasure-nft/,200,deleted,,404,removed_public
178497,smartmoneys-with-100-win-rate-identified,https://coincu.com/smartmoneys-with-100-win-rate-identified/,200,deleted,,404,removed_public
178426,mask-network-acquires-rara-team,https://coincu.com/mask-network-acquires-rara-team/,200,deleted,,404,removed_public
178319,pancakeswap-launches-version-3,https://coincu.com/pancakeswap-launches-version-3/,200,deleted,,404,removed_public
178311,3-canadian-exchanges-agree-to-merge,https://coincu.com/3-canadian-exchanges-agree-to-merge/,200,deleted,,404,removed_public
178281,hangzhou-court-sentenced-defendant,https://coincu.com/hangzhou-court-sentenced-defendant/,200,deleted,,404,removed_public
178186,arbitrum-whales-still-firmly-holds,https://coincu.com/arbitrum-whales-still-firmly-holds/,200,deleted,,404,removed_public
178140,terras-belonging-confiscated-prosecutors,https://coincu.com/terras-belonging-confiscated-prosecutors/,200,deleted,,404,removed_public
178124,two-sold-3-73m-arb-token-over-400000-loss,https://coincu.com/two-sold-3-73m-arb-token-over-400000-loss/,200,deleted,,404,removed_public
177905,elon-musk-dismiss-258b-lawsuit-dogecoin,https://coincu.com/elon-musk-dismiss-258b-lawsuit-dogecoin/,200,deleted,,404,removed_public
177830,starknet-airdrop-opportunities,https://coincu.com/starknet-airdrop-opportunities/,200,deleted,,404,removed_public
177794,arbitrum-foundation-1billion-aip-1-proposal,https://coincu.com/arbitrum-foundation-1billion-aip-1-proposal/,200,deleted,,404,removed_public
177707,the-block-new-ceo-wintermute-founder,https://coincu.com/the-block-new-ceo-wintermute-founder/,200,deleted,,404,removed_public
177668,rollbit-attempts-to-explain-to-users,https://coincu.com/rollbit-attempts-to-explain-to-users/,200,deleted,,404,removed_public
177636,ada-wallets-set-to-empower-cardano-users,https://coincu.com/ada-wallets-set-to-empower-cardano-users/,200,deleted,,404,removed_public
177558,daniel-shin-free-twice-court-refused-arrest,https://coincu.com/daniel-shin-free-twice-court-refused-arrest/,200,deleted,,404,removed_public
178066,alchemy-pays-10m-funding-signals-major,https://coincu.com/alchemy-pays-10m-funding-signals-major/,,error,<urlopen error [Errno 104] Connection reset by peer>,200,still_live_or_needs_purge
177487,34-million-dogecoin-binance-cftc-lawsuit,https://coincu.com/34-million-dogecoin-binance-cftc-lawsuit/,200,deleted,,404,removed_public
177451,supreme-court-rules-bitcoin-are-taxable,https://coincu.com/supreme-court-rules-bitcoin-are-taxable/,200,deleted,,404,removed_public
177434,rdnt-token-old-to-new-binance-offers-swap,https://coincu.com/rdnt-token-old-to-new-binance-offers-swap/,200,deleted,,404,removed_public
177344,paxful-users-losing-by-celsius-refunded,https://coincu.com/paxful-users-losing-by-celsius-refunded/,200,deleted,,404,removed_public
177332,cz-freezes-2m-insider-trading-fxs-listing,https://coincu.com/cz-freezes-2m-insider-trading-fxs-listing/,200,deleted,,404,removed_public
177315,usdcs-market-cap-dropped,https://coincu.com/usdcs-market-cap-dropped/,200,deleted,,404,removed_public
177264,stronghold-bitcoin-mining-revenue-35,https://coincu.com/stronghold-bitcoin-mining-revenue-35/,200,deleted,,404,removed_public
177220,safe-unclaimed-airdrops-users-received-them,https://coincu.com/safe-unclaimed-airdrops-users-received-them/,200,deleted,,404,removed_public
177207,beaxy-accused-failing-to-register,https://coincu.com/beaxy-accused-failing-to-register/,200,deleted,,404,removed_public
177138,mask-token-surges-25-smart-money-addresses,https://coincu.com/mask-token-surges-25-smart-money-addresses/,200,deleted,,404,removed_public
177129,safemoon-vulnerability-fixed-money-safe,https://coincu.com/safemoon-vulnerability-fixed-money-safe/,200,deleted,,404,removed_public
177109,syncswap-reaches-5-million-tvl,https://coincu.com/syncswap-reaches-5-million-tvl/,200,deleted,,404,removed_public
177081,metamask-warns-users,https://coincu.com/metamask-warns-users/,200,deleted,,404,removed_public
176946,binance-sees-850m-withdrawal-amid-cftc,https://coincu.com/binance-sees-850m-withdrawal-amid-cftc/,200,deleted,,404,removed_public
176877,cz-denies-market-manipulation-from-cftc,https://coincu.com/cz-denies-market-manipulation-from-cftc/,200,deleted,,404,removed_public
176712,bitcoin-at-28000,https://coincu.com/bitcoin-at-28000/,200,deleted,,404,removed_public
176685,trader-joe-surge-200,https://coincu.com/trader-joe-surge-200/,200,deleted,,404,removed_public
176664,gucci-teams-up-with-yuga-labs,https://coincu.com/gucci-teams-up-with-yuga-labs/,200,deleted,,404,removed_public
176619,metamask-may-airdrop-for-users,https://coincu.com/metamask-may-airdrop-for-users/,200,deleted,,404,removed_public
176316,ethereums-shanghai-fork-a-comprehensive,https://coincu.com/ethereums-shanghai-fork-a-comprehensive/,200,deleted,,404,removed_public
176540,arbitrum-arb-price-hits-rock-bottom,https://coincu.com/arbitrum-arb-price-hits-rock-bottom/,200,deleted,,200,still_live_or_needs_purge
176541,cardano-whales-make-waves-with-204-billion,https://coincu.com/cardano-whales-make-waves-with-204-billion/,200,deleted,,404,removed_public
176529,5-potential-projects-to-airdrop,https://coincu.com/5-potential-projects-to-airdrop/,200,deleted,,404,removed_public
176431,bitdeer-texas-capacity-to-562-mw-by-h2-2022,https://coincu.com/bitdeer-texas-capacity-to-562-mw-by-h2-2022/,200,deleted,,404,removed_public
176423,arb-token-airdrop-ranks-arbitrum-37th,https://coincu.com/arb-token-airdrop-ranks-arbitrum-37th/,200,deleted,,404,removed_public
176280,okx-finished-burning-180-million-in-okb,https://coincu.com/okx-finished-burning-180-million-in-okb/,200,deleted,,404,removed_public
176253,zksyncs-topped-20million-arbitrum-airdrop,https://coincu.com/zksyncs-topped-20million-arbitrum-airdrop/,200,deleted,,404,removed_public
176225,markets-falling-deutsche-bank-bankruptcy,https://coincu.com/markets-falling-deutsche-bank-bankruptcy/,200,deleted,,404,removed_public
176182,arbitrum-super-airdrop-sold-at-10-29,https://coincu.com/arbitrum-super-airdrop-sold-at-10-29/,200,deleted,,404,removed_public
176129,airdrop-hunters-receive-2-3-million-arb,https://coincu.com/airdrop-hunters-receive-2-3-million-arb/,200,deleted,,404,removed_public
176089,ark-invest-bought-again-coinbase-shares,https://coincu.com/ark-invest-bought-again-coinbase-shares/,200,deleted,,404,removed_public
176060,defi-projects-send-mysterious-messages,https://coincu.com/defi-projects-send-mysterious-messages/,200,deleted,,404,removed_public
176033,blockfi-raises-almost-5m,https://coincu.com/blockfi-raises-almost-5m/,200,deleted,,404,removed_public
176032,74-arb-token-claimed-after-arbitrum-airdrop,https://coincu.com/74-arb-token-claimed-after-arbitrum-airdrop/,200,deleted,,404,removed_public
175942,arbitrum-arb-token-trading-go-live-1-70,https://coincu.com/arbitrum-arb-token-trading-go-live-1-70/,200,deleted,,404,removed_public
175883,arbitrum-transaction-breaks-all-time-high,https://coincu.com/arbitrum-transaction-breaks-all-time-high/,200,deleted,,404,removed_public
175885,bitcoin-plummets-as-traders-suffer-260m,https://coincu.com/bitcoin-plummets-as-traders-suffer-260m/,200,deleted,,200,still_live_or_needs_purge
175755,over-1-million-space-id-tokens-sent-wallet,https://coincu.com/over-1-million-space-id-tokens-sent-wallet/,200,deleted,,404,removed_public
175726,sec-sues-justin-sun,https://coincu.com/sec-sues-justin-sun/,200,deleted,,404,removed_public
175706,arbitrum-airdrop-a-remarkable-case-study,https://coincu.com/arbitrum-airdrop-a-remarkable-case-study/,200,deleted,,404,removed_public
175675,french-lawmakers-stop-promoting-crypto,https://coincu.com/french-lawmakers-stop-promoting-crypto/,200,deleted,,404,removed_public
175676,arbitrums-new-all-time-high-13-million,https://coincu.com/arbitrums-new-all-time-high-13-million/,200,deleted,,404,removed_public
175654,circle-alerts-cso-account-hacked,https://coincu.com/circle-alerts-cso-account-hacked/,200,deleted,,404,removed_public
175596,kang-jong-hyuns-manipulates-corrupts-48m,https://coincu.com/kang-jong-hyuns-manipulates-corrupts-48m/,200,deleted,,404,removed_public
175583,sui-network-to-launch-mainnet,https://coincu.com/sui-network-to-launch-mainnet/,200,deleted,,404,removed_public
175465,coinbase-submits-letter-with-sec,https://coincu.com/coinbase-submits-letter-with-sec/,200,deleted,,404,removed_public
175434,arbitrum-airdrop-latest-update-foundation,https://coincu.com/arbitrum-airdrop-latest-update-foundation/,200,deleted,,404,removed_public
175344,bitget-reward-space-id-id-holders,https://coincu.com/bitget-reward-space-id-id-holders/,200,deleted,,404,removed_public
175335,nft-wash-trading-up-126-mom,https://coincu.com/nft-wash-trading-up-126-mom/,200,deleted,,404,removed_public
175257,defillama-decides-not-to-issue-tokens,https://coincu.com/defillama-decides-not-to-issue-tokens/,200,deleted,,404,removed_public
175169,belgian-regulators-introduce-new-rules,https://coincu.com/belgian-regulators-introduce-new-rules/,200,deleted,,404,removed_public
175189,belgium-takes-aim-at-misleading-crypto-ads,https://coincu.com/belgium-takes-aim-at-misleading-crypto-ads/,200,deleted,,404,removed_public
175163,arbitrum-bridged-871-million-to-zksync,https://coincu.com/arbitrum-bridged-871-million-to-zksync/,200,deleted,,404,removed_public
175155,arbitrum-zksync-starknet-users-10-times,https://coincu.com/arbitrum-zksync-starknet-users-10-times/,200,deleted,,404,removed_public
175042,arbitrum-airdrop-is-used-as-a-scam,https://coincu.com/arbitrum-airdrop-is-used-as-a-scam/,200,deleted,,404,removed_public
175038,bitmex-introduces-arb-futures,https://coincu.com/bitmex-introduces-arb-futures/,200,deleted,,200,still_live_or_needs_purge
175014,paraspace-to-restart-in-stages,https://coincu.com/paraspace-to-restart-in-stages/,200,deleted,,404,removed_public
174922,conflux-exceeds-1-2-b-token-grows-150,https://coincu.com/conflux-exceeds-1-2-b-token-grows-150/,200,deleted,,404,removed_public
174902,space-id-voyage-season-2-is-set-to-launch,https://coincu.com/space-id-voyage-season-2-is-set-to-launch/,200,deleted,,404,removed_public
174870,bitcoin-breaks-28k-confirms-bullish-market,https://coincu.com/bitcoin-breaks-28k-confirms-bullish-market/,200,deleted,,404,removed_public
174818,defillama-taken-urged-split-token-issuance,https://coincu.com/defillama-taken-urged-split-token-issuance/,200,deleted,,404,removed_public
174682,space-id-launchpad-binances-new-changes,https://coincu.com/space-id-launchpad-binances-new-changes/,200,deleted,,404,removed_public
174678,bitcoin-supply-fails-to-reach-all-time-high,https://coincu.com/bitcoin-supply-fails-to-reach-all-time-high/,200,deleted,,404,removed_public
174657,arbitrum-iou-token-go-mainstream-exchanges,https://coincu.com/arbitrum-iou-token-go-mainstream-exchanges/,200,deleted,,404,removed_public
174604,arbitrum-airdrop-4-big-crypto-platforms,https://coincu.com/arbitrum-airdrop-4-big-crypto-platforms/,200,deleted,,404,removed_public
174566,mask-surged-by-44-as-bitcoin-the-verge,https://coincu.com/mask-surged-by-44-as-bitcoin-the-verge/,200,deleted,,404,removed_public
174378,arbitrum-have-after-the-airdrop,https://coincu.com/arbitrum-have-after-the-airdrop/,200,deleted,,404,removed_public
174441,ubs-buy-part-or-all-of-credit-suisse-crisis,https://coincu.com/ubs-buy-part-or-all-of-credit-suisse-crisis/,200,deleted,,404,removed_public
174443,bitcoin-poised-30k-ethereum-the-brink-of-2k,https://coincu.com/bitcoin-poised-30k-ethereum-the-brink-of-2k/,200,deleted,,404,removed_public
174280,bitcoin-opportunity-fund-raise-100m,https://coincu.com/bitcoin-opportunity-fund-raise-100m/,200,deleted,,404,removed_public
174211,bitcoin-moves-26000-amid-market-turmoil,https://coincu.com/bitcoin-moves-26000-amid-market-turmoil/,200,deleted,,404,removed_public
174212,600k-addresses-qualified-arbitrum-airdrop,https://coincu.com/600k-addresses-qualified-arbitrum-airdrop/,200,deleted,,404,removed_public
174195,repeats-bitcoins-3rd-green-monthly-candle,https://coincu.com/repeats-bitcoins-3rd-green-monthly-candle/,200,deleted,,404,removed_public
174173,crypto-community-goes-wild-as-arb-token,https://coincu.com/crypto-community-goes-wild-as-arb-token/,200,deleted,,404,removed_public
174114,doodles-renounces-nfts-shifts-franchise,https://coincu.com/doodles-renounces-nfts-shifts-franchise/,200,deleted,,404,removed_public
174154,polygon-and-avail-split-after-3-years-co-founder-forms-a-new-entity,https://coincu.com/polygon-and-avail-split-after-3-years-co-founder-forms-a-new-entity/,200,deleted,,404,removed_public
174123,arbitrum-finally-airdrops,https://coincu.com/arbitrum-finally-airdrops/,200,deleted,,404,removed_public
174064,south-korea-extradite-terra-luna-founder,https://coincu.com/south-korea-extradite-terra-luna-founder/,200,deleted,,404,removed_public
173964,sec-pos-tokens-are-security-need-registered,https://coincu.com/sec-pos-tokens-are-security-need-registered/,200,deleted,,404,removed_public
173966,coinbase-withdrawal-staked-eth-shapella,https://coincu.com/coinbase-withdrawal-staked-eth-shapella/,200,deleted,,404,removed_public
173881,uk-taxpayers-separate-profit-filings-2025,https://coincu.com/uk-taxpayers-separate-profit-filings-2025/,200,deleted,,404,removed_public
173873,uk-spring-budget-23-comprehensive-overview,https://coincu.com/uk-spring-budget-23-comprehensive-overview/,200,deleted,,404,removed_public
173810,justin-suns-earns-3-million-usd-usdc-depeg,https://coincu.com/justin-suns-earns-3-million-usd-usdc-depeg/,200,deleted,,404,removed_public
173531,department-of-justice-investigate-terrausd,https://coincu.com/department-of-justice-investigate-terrausd/,200,deleted,,404,removed_public
173246,binance-futures-usdc-perpetual-contracts,https://coincu.com/binance-futures-usdc-perpetual-contracts/,200,deleted,,404,removed_public
173233,moonbirds-nfts-whale-investor,https://coincu.com/moonbirds-nfts-whale-investor/,200,deleted,,404,removed_public
173155,huobi-to-launch-usdc-usdt-perpetual-futures,https://coincu.com/huobi-to-launch-usdc-usdt-perpetual-futures/,200,deleted,,404,removed_public
173135,changpeng-zhao-risk-fiat-backed-stablecoins,https://coincu.com/changpeng-zhao-risk-fiat-backed-stablecoins/,200,deleted,,404,removed_public
173143,usdc-backed-to-0-99-as-traders-gain-profits,https://coincu.com/usdc-backed-to-0-99-as-traders-gain-profits/,200,deleted,,404,removed_public
173037,user-sold-2-08-million-usdc,https://coincu.com/user-sold-2-08-million-usdc/,200,deleted,,404,removed_public
172966,pantera-capital-investment-silicon-valley,https://coincu.com/pantera-capital-investment-silicon-valley/,200,deleted,,404,removed_public
172730,silicon-valley-bank-rejected-crypto-funds,https://coincu.com/silicon-valley-bank-rejected-crypto-funds/,200,deleted,,404,removed_public
172664,kucoin-sued-asks-permanent-ban-eth-security,https://coincu.com/kucoin-sued-asks-permanent-ban-eth-security/,200,deleted,,404,removed_public
172574,hedera-experienced-severe-technical,https://coincu.com/hedera-experienced-severe-technical/,200,deleted,,404,removed_public
172471,celsius-network-users-withdraw-21-2-million,https://coincu.com/celsius-network-users-withdraw-21-2-million/,200,deleted,,200,still_live_or_needs_purge
172386,roboworldios-immutablexs-scaling-solution,https://coincu.com/roboworldios-immutablexs-scaling-solution/,200,deleted,,404,removed_public
172380,dont-miss-out-etherfis-mainnet-launch-eth,https://coincu.com/dont-miss-out-etherfis-mainnet-launch-eth/,200,deleted,,404,removed_public
172288,shiba-inus-new-layer-2-blockchain-beta,https://coincu.com/shiba-inus-new-layer-2-blockchain-beta/,200,deleted,,404,removed_public
171988,vitalik-buterin-700000-free-coins,https://coincu.com/vitalik-buterin-700000-free-coins/,200,deleted,,404,removed_public
171865,coinbase-launches-liquid-staked-eth-trading,https://coincu.com/coinbase-launches-liquid-staked-eth-trading/,200,deleted,,404,removed_public
171791,discover-the-tms-network-presale,https://coincu.com/discover-the-tms-network-presale/,200,deleted,,404,removed_public
171783,cryptocurrency-tms-network-tmsn-presale,https://coincu.com/cryptocurrency-tms-network-tmsn-presale/,200,deleted,,404,removed_public
171746,pancakeswap-takes-hit-27-million-lost-cakes,https://coincu.com/pancakeswap-takes-hit-27-million-lost-cakes/,200,deleted,,404,removed_public
171712,cosmos-hub-takes-action-atom-airdrop-scam,https://coincu.com/cosmos-hub-takes-action-atom-airdrop-scam/,200,deleted,,404,removed_public
171583,pendle-is-the-top-investment-to-make-now,https://coincu.com/pendle-is-the-top-investment-to-make-now/,200,deleted,,404,removed_public
171380,pancakeswap-v3-upgrade-unleashes-bnb-chain,https://coincu.com/pancakeswap-v3-upgrade-unleashes-bnb-chain/,200,deleted,,404,removed_public
171158,zigzag-completed-airdrop,https://coincu.com/zigzag-completed-airdrop/,200,deleted,,404,removed_public
171159,power-airdrop-waves-and-lock-token-snapshot,https://coincu.com/power-airdrop-waves-and-lock-token-snapshot/,200,deleted,,404,removed_public
171102,russian-asset-300000-rubles-bitcoin,https://coincu.com/russian-asset-300000-rubles-bitcoin/,200,deleted,,404,removed_public
171068,silvergate-stock-decline-of-58-traders-earn,https://coincu.com/silvergate-stock-decline-of-58-traders-earn/,200,deleted,,404,removed_public
171030,marathon-digital-selling-650-bitcoins,https://coincu.com/marathon-digital-selling-650-bitcoins/,200,deleted,,404,removed_public
170933,tms-network-tmsn-presale-surpass-the-growth,https://coincu.com/tms-network-tmsn-presale-surpass-the-growth/,200,deleted,,404,removed_public
170891,xmon-over-90-after-the-lock-up-expired,https://coincu.com/xmon-over-90-after-the-lock-up-expired/,200,deleted,,404,removed_public
170846,bridgetower-capital-allows-investors-to-take-advantage-of-lidos-staking,https://coincu.com/bridgetower-capital-allows-investors-to-take-advantage-of-lidos-staking/,200,deleted,,404,removed_public
170709,investors-make-from-tms-networks-presale,https://coincu.com/investors-make-from-tms-networks-presale/,200,deleted,,404,removed_public
170587,marathon-postpones-publication,https://coincu.com/marathon-postpones-publication/,200,deleted,,404,removed_public
170539,bitcoin-developer-stopping-nft-auction,https://coincu.com/bitcoin-developer-stopping-nft-auction/,200,deleted,,404,removed_public
170460,blur-airdrop-season-2-how-to-grab-it,https://coincu.com/blur-airdrop-season-2-how-to-grab-it/,200,deleted,,404,removed_public
170474,tms-networks-tmsn-presale-gaining-traction,https://coincu.com/tms-networks-tmsn-presale-gaining-traction/,200,deleted,,404,removed_public
170442,blur-nft-filter-fraudulent-wallet-addresses,https://coincu.com/blur-nft-filter-fraudulent-wallet-addresses/,200,deleted,,404,removed_public
170613,bitcoin-mining-made-simple,https://coincu.com/bitcoin-mining-made-simple/,200,deleted,,200,still_live_or_needs_purge
170285,goerli-testnet-eth-reach-1-60-as-developer,https://coincu.com/goerli-testnet-eth-reach-1-60-as-developer/,200,deleted,,404,removed_public
170257,gary-genslers-explosive-claims,https://coincu.com/gary-genslers-explosive-claims/,200,deleted,,404,removed_public
170213,coinbases-futures-contract-copyright,https://coincu.com/coinbases-futures-contract-copyright/,200,deleted,,404,removed_public
170069,twitters-struggles-least-50-employee-layoff,https://coincu.com/twitters-struggles-least-50-employee-layoff/,200,deleted,,404,removed_public
169971,cryptoslam-blur-577m-in-wash-trade,https://coincu.com/cryptoslam-blur-577m-in-wash-trade/,200,deleted,,404,removed_public
169768,investors-on-blur-nft-value-fall,https://coincu.com/investors-on-blur-nft-value-fall/,200,deleted,,404,removed_public
169754,jump-crypto-attack-hacker-recover-stolen,https://coincu.com/jump-crypto-attack-hacker-recover-stolen/,200,deleted,,404,removed_public
169720,babydogecoins-false-airdrop-speculation,https://coincu.com/babydogecoins-false-airdrop-speculation/,200,deleted,,404,removed_public
169568,bitfinex-listing-of-token-blur-blur,https://coincu.com/bitfinex-listing-of-token-blur-blur/,200,deleted,,404,removed_public
169561,huawei-boosted-defactors-factr-token-by-400,https://coincu.com/huawei-boosted-defactors-factr-token-by-400/,200,deleted,,404,removed_public
169515,massachusetts-man-is-indicted,https://coincu.com/massachusetts-man-is-indicted/,200,deleted,,404,removed_public
169393,blur-airdrop-learn-from-it,https://coincu.com/blur-airdrop-learn-from-it/,200,deleted,,404,removed_public
169269,swell-network-new-features-in-april,https://coincu.com/swell-network-new-features-in-april/,200,deleted,,404,removed_public
169140,forsage-founders-defi-ponzi-scheme,https://coincu.com/forsage-founders-defi-ponzi-scheme/,200,deleted,,404,removed_public
169001,cosmos-hubs-v9-lambda-upgrade-aims-security,https://coincu.com/cosmos-hubs-v9-lambda-upgrade-aims-security/,200,deleted,,404,removed_public
168850,300m-blur-token-be-distributed-loyal-users,https://coincu.com/300m-blur-token-be-distributed-loyal-users/,200,deleted,,404,removed_public
168818,proof-of-stake-alliance-liquidity-staking,https://coincu.com/proof-of-stake-alliance-liquidity-staking/,200,deleted,,404,removed_public
168815,coinbase-surpasses-q4-profits-projections,https://coincu.com/coinbase-surpasses-q4-profits-projections/,200,deleted,,404,removed_public
168719,hive-blockchain-net-loss-of-90m,https://coincu.com/hive-blockchain-net-loss-of-90m/,200,deleted,,404,removed_public
168635,bill-qian-promoting-100m-for-a-crypto-fund,https://coincu.com/bill-qian-promoting-100m-for-a-crypto-fund/,200,deleted,,404,removed_public
168105,hotcoin-global-reviews,https://coincu.com/hotcoin-global-reviews/,200,deleted,,404,removed_public
168484,fantom-foundation-7-5-million-ftm-binance,https://coincu.com/fantom-foundation-7-5-million-ftm-binance/,200,deleted,,404,removed_public
168479,blur-surpassed-opensea-in-nft-trading,https://coincu.com/blur-surpassed-opensea-in-nft-trading/,200,deleted,,404,removed_public
168473,arbitrum-exceeds-2-62-billion-in-a-week,https://coincu.com/arbitrum-exceeds-2-62-billion-in-a-week/,200,deleted,,404,removed_public
168186,degen-zoo-attacks-nft-market,https://coincu.com/degen-zoo-attacks-nft-market/,200,deleted,,404,removed_public
167976,nba-paul-pierce-will-pay-the-sec-1-4m,https://coincu.com/nba-paul-pierce-will-pay-the-sec-1-4m/,200,deleted,,404,removed_public
167969,arbitrum-decentralized-exchange-camelot,https://coincu.com/arbitrum-decentralized-exchange-camelot/,200,deleted,,404,removed_public
167938,jump-crypto-identified-as-third-party,https://coincu.com/jump-crypto-identified-as-third-party/,200,deleted,,404,removed_public
167910,optimism-op-rises-by-11-when-a-new-upgrade,https://coincu.com/optimism-op-rises-by-11-when-a-new-upgrade/,200,deleted,,404,removed_public
167816,compute-north-plan-approved-by-court,https://coincu.com/compute-north-plan-approved-by-court/,200,deleted,,404,removed_public
167768,do-kwon-tfl-sec-case-fraud-securities,https://coincu.com/do-kwon-tfl-sec-case-fraud-securities/,200,deleted,,404,removed_public
167707,blur-suggests-block-opensea,https://coincu.com/blur-suggests-block-opensea/,200,deleted,,404,removed_public
167571,bitcoin-btc-soar-up-12-to-surpass-24k,https://coincu.com/bitcoin-btc-soar-up-12-to-surpass-24k/,200,deleted,,404,removed_public
167403,blur-token-reaches-500m-trading-volume,https://coincu.com/blur-token-reaches-500m-trading-volume/,200,deleted,,200,still_live_or_needs_purge
167356,blur-price-drops-strongly-after-airdropping,https://coincu.com/blur-price-drops-strongly-after-airdropping/,200,deleted,,404,removed_public
167336,render-network-unlock-12-6m-rndr,https://coincu.com/render-network-unlock-12-6m-rndr/,200,deleted,,404,removed_public
167272,blur-fulfills-promise,https://coincu.com/blur-fulfills-promise/,200,deleted,,404,removed_public
167244,stride-expands-cosmos-based-lsd,https://coincu.com/stride-expands-cosmos-based-lsd/,200,deleted,,404,removed_public
167030,iris-energy-increases-self-mining-capacity,https://coincu.com/iris-energy-increases-self-mining-capacity/,200,deleted,,404,removed_public
166829,1inch-the-parser-incentive-1-5-mil-inch,https://coincu.com/1inch-the-parser-incentive-1-5-mil-inch/,200,deleted,,404,removed_public
166745,justin-sun-invests-33000000-in-the-aave,https://coincu.com/justin-sun-invests-33000000-in-the-aave/,200,deleted,,404,removed_public
166667,crypto-yield-staking-platform-moodminer-secures-3-million-series-a-funding,https://coincu.com/crypto-yield-staking-platform-moodminer-secures-3-million-series-a-funding/,200,deleted,,404,removed_public
166653,trons-revenue-in-q4-2022-48-million,https://coincu.com/trons-revenue-in-q4-2022-48-million/,200,deleted,,404,removed_public
166378,optimism-distribute-590-million-op,https://coincu.com/optimism-distribute-590-million-op/,200,deleted,,404,removed_public
166355,eminifx-ceo-pleads-guilty-commodity-fraud,https://coincu.com/eminifx-ceo-pleads-guilty-commodity-fraud/,200,deleted,,404,removed_public
166327,ancient-bitcoin-whale-moves-over-400-btc,https://coincu.com/ancient-bitcoin-whale-moves-over-400-btc/,200,deleted,,404,removed_public
166359,optimism-drops-10-following-11m-airdrop,https://coincu.com/optimism-drops-10-following-11m-airdrop/,200,deleted,,404,removed_public
166112,coinbases-staking-service-not-security,https://coincu.com/coinbases-staking-service-not-security/,200,deleted,,404,removed_public
166075,discounts-and-premiums-on-ethereum-lsd-fall,https://coincu.com/discounts-and-premiums-on-ethereum-lsd-fall/,200,deleted,,404,removed_public
166006,looksrare-and-moonpay,https://coincu.com/looksrare-and-moonpay/,200,deleted,,404,removed_public
165975,stablecoin-issuer-tether-reports-700m-net,https://coincu.com/stablecoin-issuer-tether-reports-700m-net/,200,deleted,,404,removed_public
165914,korea-investigating-tax-evasion-youtubers,https://coincu.com/korea-investigating-tax-evasion-youtubers/,200,deleted,,404,removed_public
165785,the-sandbox-sand-attracts-more-attention,https://coincu.com/the-sandbox-sand-attracts-more-attention/,200,deleted,,404,removed_public
165565,kazakhstan-new-law-digital-assets,https://coincu.com/kazakhstan-new-law-digital-assets/,200,deleted,,404,removed_public
165808,eddy-lazzarin-joins-a16z-crypto,https://coincu.com/eddy-lazzarin-joins-a16z-crypto/,200,deleted,,200,still_live_or_needs_purge
165572,sec-warns-cryptocurrency-ira-investments,https://coincu.com/sec-warns-cryptocurrency-ira-investments/,200,deleted,,404,removed_public
165544,bitcoin-miner-stronghold-restructures-debt,https://coincu.com/bitcoin-miner-stronghold-restructures-debt/,200,deleted,,404,removed_public
165538,former-coinbase-pleads-guilty-to-wire-fraud,https://coincu.com/former-coinbase-pleads-guilty-to-wire-fraud/,200,deleted,,404,removed_public
