post_id,post_name,url,api_delete_http_status,api_delete_result,api_note,public_status_after_delete,final_verdict,recheck_status,recheck_verdict
395449,robo-token-enters-coinbase-roadmap-as-airdrop-portal-opens,https://coincu.com/robo-token-enters-coinbase-roadmap-as-airdrop-portal-opens/,200,deleted,,200,still_live_or_needs_purge,200,still_live_or_needs_purge
377220,blockdags-435m-presale-momentum-builds-as-tao-halving-nears-and-link-prepares-breakout,https://coincu.com/blockdags-435m-presale-momentum-builds-as-tao-halving-nears-and-link-prepares-breakout/,200,deleted,,200,still_live_or_needs_purge,200,still_live_or_needs_purge
376142,cardano-targets-0-75-stellar-eyes-breakout-while-blockdags-435m-presale-and-evm-architecture-define-2025s-top-crypto,https://coincu.com/cardano-targets-0-75-stellar-eyes-breakout-while-blockdags-435m-presale-and-evm-architecture-define-2025s-top-crypto/,200,deleted,,200,still_live_or_needs_purge,200,still_live_or_needs_purge
376008,whitelist-closed-hugs-presale-live-milk-mocha-launches-cryptos-sweetest-blockchain-revolution,https://coincu.com/whitelist-closed-hugs-presale-live-milk-mocha-launches-cryptos-sweetest-blockchain-revolution/,200,deleted,,200,still_live_or_needs_purge,200,still_live_or_needs_purge
376006,after-a-record-100-whitelist-signups-milk-mochas-hugs-presale-brings-its-comic-world-to-crypto,https://coincu.com/after-a-record-100-whitelist-signups-milk-mochas-hugs-presale-brings-its-comic-world-to-crypto/,200,deleted,,200,still_live_or_needs_purge,200,still_live_or_needs_purge
373338,blockdags-435m-presale-3-5m-strong-network-set-the-stage-for-1-and-5-price-targets,https://coincu.com/blockdags-435m-presale-3-5m-strong-network-set-the-stage-for-1-and-5-price-targets/,200,deleted,,200,still_live_or_needs_purge,200,still_live_or_needs_purge
370586,blockdag-430m-presale-outshines-avax-bnb-momentum,https://coincu.com/blockdag-430m-presale-outshines-avax-bnb-momentum/,200,deleted,,200,still_live_or_needs_purge,200,still_live_or_needs_purge
370324,blockdags-430m-presale-surges-ahead-of-genesis-day-while-solana-eyes-300-toncoin-rebounds-35,https://coincu.com/blockdags-430m-presale-surges-ahead-of-genesis-day-while-solana-eyes-300-toncoin-rebounds-35/,200,deleted,,200,still_live_or_needs_purge,200,still_live_or_needs_purge
369262,crypto-presale-price-prediction-will-blockchainfx-maxi-doge-or-little-pepe-be-the-next-1000x-crypto,https://coincu.com/crypto-presale-price-prediction-will-blockchainfx-maxi-doge-or-little-pepe-be-the-next-1000x-crypto/,200,deleted,,200,still_live_or_needs_purge,200,still_live_or_needs_purge
368957,shiba-at-support-aster-hits-resistance-but-blockdag-becomes-the-top-trending-crypto-with-420m-presale-a-live-testnet,https://coincu.com/shiba-at-support-aster-hits-resistance-but-blockdag-becomes-the-top-trending-crypto-with-420m-presale-a-live-testnet/,200,deleted,,200,still_live_or_needs_purge,200,still_live_or_needs_purge
368711,best-crypto-presales-of-2025-blockchainfx-surges-past-9-18m-while-blockdag-and-bitcoin-hyper-eye-100x-gains,https://coincu.com/best-crypto-presales-of-2025-blockchainfx-surges-past-9-18m-while-blockdag-and-bitcoin-hyper-eye-100x-gains/,200,deleted,,200,still_live_or_needs_purge,200,still_live_or_needs_purge
368110,smart-moneys-2025-picks-7-top-coins-and-the-best-presale-coin-catching-whales,https://coincu.com/smart-moneys-2025-picks-7-top-coins-and-the-best-presale-coin-catching-whales/,200,deleted,,200,still_live_or_needs_purge,200,still_live_or_needs_purge
367930,blockdags-420m-presale-position-it-as-2025s-growing-crypto,https://coincu.com/blockdags-420m-presale-position-it-as-2025s-growing-crypto/,200,deleted,,200,still_live_or_needs_purge,200,still_live_or_needs_purge
367652,how-the-zero-knowledge-proof-zkp-whitelist-became-the-center-of-presale-buzz,https://coincu.com/how-the-zero-knowledge-proof-zkp-whitelist-became-the-center-of-presale-buzz/,200,deleted,,200,still_live_or_needs_purge,200,still_live_or_needs_purge
367434,xrp-eyes-9-pi-falters-blockdag-nears-600-million-presale-target,https://coincu.com/xrp-eyes-9-pi-falters-blockdag-nears-600-million-presale-target/,200,deleted,,200,still_live_or_needs_purge,200,still_live_or_needs_purge
367489,blockdag-vs-snorter-vs-blockchainfx-which-crypto-presale-has-the-clearer-path-to-1000-roi,https://coincu.com/blockdag-vs-snorter-vs-blockchainfx-which-crypto-presale-has-the-clearer-path-to-1000-roi/,200,deleted,,200,still_live_or_needs_purge,200,still_live_or_needs_purge
366995,next-big-crypto-winner-500-in-blockchainfx-presale-could-surpass-dogecoins-1000x-run,https://coincu.com/next-big-crypto-winner-500-in-blockchainfx-presale-could-surpass-dogecoins-1000x-run/,200,deleted,,200,still_live_or_needs_purge,200,still_live_or_needs_purge
366993,ignored-xrp-before-its-boom-this-best-crypto-presale-looks-like-the-second-shot-you-cant-miss,https://coincu.com/ignored-xrp-before-its-boom-this-best-crypto-presale-looks-like-the-second-shot-you-cant-miss/,200,deleted,,200,still_live_or_needs_purge,200,still_live_or_needs_purge
366991,xlm-chart-strengthens-with-bullish-momentum-while-blockchainfx-presale-creates-scarcity-ahead-of-launch,https://coincu.com/xlm-chart-strengthens-with-bullish-momentum-while-blockchainfx-presale-creates-scarcity-ahead-of-launch/,200,deleted,,200,still_live_or_needs_purge,200,still_live_or_needs_purge
366605,blockdag-nears-420m-presale-and-alpine-f1-sponsorship-proving-its-2025s-best-crypto-presale,https://coincu.com/blockdag-nears-420m-presale-and-alpine-f1-sponsorship-proving-its-2025s-best-crypto-presale/,200,deleted,,200,still_live_or_needs_purge,200,still_live_or_needs_purge
366527,shib-burn-soars-cronos-drops-blockdag-presale-booms,https://coincu.com/shib-burn-soars-cronos-drops-blockdag-presale-booms/,200,deleted,,200,still_live_or_needs_purge,200,still_live_or_needs_purge
366374,blockchainfx-vs-bitcoin-hyper-vs-little-pepe-a-deep-dive-into-q4s-hottest-crypto-presales,https://coincu.com/blockchainfx-vs-bitcoin-hyper-vs-little-pepe-a-deep-dive-into-q4s-hottest-crypto-presales/,200,deleted,,200,still_live_or_needs_purge,200,still_live_or_needs_purge
366028,top-1000x-cryptos-in-uptober-rally-blockchainfx-leads-presale-momentum-over-hedera-and-world-liberty-financial,https://coincu.com/top-1000x-cryptos-in-uptober-rally-blockchainfx-leads-presale-momentum-over-hedera-and-world-liberty-financial/,200,deleted,,200,still_live_or_needs_purge,200,still_live_or_needs_purge
365687,xrp-bnb-rally-but-blockdags-411m-presale-shows-bigger-upside,https://coincu.com/xrp-bnb-rally-but-blockdags-411m-presale-shows-bigger-upside/,200,deleted,,200,still_live_or_needs_purge,200,still_live_or_needs_purge
365667,blockdag-vs-bullzilla-real-traction-vs-hype-in-2025s-presale-showdown,https://coincu.com/blockdag-vs-bullzilla-real-traction-vs-hype-in-2025s-presale-showdown/,200,deleted,,200,still_live_or_needs_purge,200,still_live_or_needs_purge
365685,bnb-price-prediction-2025-can-binance-coin-reach-1200-while-this-altcoin-presale-aims-for-100x-roi,https://coincu.com/bnb-price-prediction-2025-can-binance-coin-reach-1200-while-this-altcoin-presale-aims-for-100x-roi/,200,deleted,,200,still_live_or_needs_purge,200,still_live_or_needs_purge
365653,top-crypto-to-buy-bdag-presale-climbs-while-ltc-hype-lose-ground,https://coincu.com/top-crypto-to-buy-bdag-presale-climbs-while-ltc-hype-lose-ground/,200,deleted,,200,still_live_or_needs_purge,200,still_live_or_needs_purge
365615,blockdags-nearly-415m-presale-bwt-alpine-f1-deal-outshine-xrp-ada,https://coincu.com/blockdags-nearly-415m-presale-bwt-alpine-f1-deal-outshine-xrp-ada/,200,deleted,,200,still_live_or_needs_purge,200,still_live_or_needs_purge
365409,hbar-price-prediction-doge-update-blockdags-nearly-415m-presale-makes-it-a-top-crypto,https://coincu.com/hbar-price-prediction-doge-update-blockdags-nearly-415m-presale-makes-it-a-top-crypto/,200,deleted,,200,still_live_or_needs_purge,200,still_live_or_needs_purge
365075,who-owns-blockdag-the-real-identity-behind-blockdags-410m-presale-success,https://coincu.com/who-owns-blockdag-the-real-identity-behind-blockdags-410m-presale-success/,200,deleted,,200,still_live_or_needs_purge,200,still_live_or_needs_purge
365073,xrp-price-analysis-at-3-litecoin-holds-114-blockdag-presale-dominates-top-crypto-coins-of-2025,https://coincu.com/xrp-price-analysis-at-3-litecoin-holds-114-blockdag-presale-dominates-top-crypto-coins-of-2025/,200,deleted,,200,still_live_or_needs_purge,200,still_live_or_needs_purge
364775,aster-breaks-2-mark-while-early-gainers-are-eyeing-up-blockchainfxs-presale,https://coincu.com/aster-breaks-2-mark-while-early-gainers-are-eyeing-up-blockchainfxs-presale/,200,deleted,,200,still_live_or_needs_purge,200,still_live_or_needs_purge
364721,blockdag-presale-xrp-price-forecast-shiba-inu-rally-in-focus,https://coincu.com/blockdag-presale-xrp-price-forecast-shiba-inu-rally-in-focus/,200,deleted,,200,still_live_or_needs_purge,200,still_live_or_needs_purge
364731,best-presale-crypto-in-2025-blockdag-leads-q4-with-410m-raised-and-live-testnet,https://coincu.com/best-presale-crypto-in-2025-blockdag-leads-q4-with-410m-raised-and-live-testnet/,200,deleted,,200,still_live_or_needs_purge,200,still_live_or_needs_purge
364504,link-drops-8-eth-holds-4k-blockdags-raise-over-410m-in-historic-presale,https://coincu.com/link-drops-8-eth-holds-4k-blockdags-raise-over-410m-in-historic-presale/,200,deleted,,200,still_live_or_needs_purge,200,still_live_or_needs_purge
363612,top-crypto-to-invest-in-after-missing-hederas-ico-gains-blockchainfx-presale-could-be-the-next-crypto-to-explode,https://coincu.com/top-crypto-to-invest-in-after-missing-hederas-ico-gains-blockchainfx-presale-could-be-the-next-crypto-to-explode/,200,deleted,,200,still_live_or_needs_purge,200,still_live_or_needs_purge
363610,top-crypto-to-invest-in-2025-litecoin-price-battles-120-while-blockchainfx-presale-emerges-as-the-best-crypto-presale,https://coincu.com/top-crypto-to-invest-in-2025-litecoin-price-battles-120-while-blockchainfx-presale-emerges-as-the-best-crypto-presale/,200,deleted,,200,still_live_or_needs_purge,200,still_live_or_needs_purge
363581,maxi-doge-momentum-builds-while-blockdags-gamified-presale-nears-410m,https://coincu.com/maxi-doge-momentum-builds-while-blockdags-gamified-presale-nears-410m/,200,deleted,,200,still_live_or_needs_purge,200,still_live_or_needs_purge
363126,blockdag-presale-nearly-hits-410m-batch-30-growth-now,https://coincu.com/blockdag-presale-nearly-hits-410m-batch-30-growth-now/,200,deleted,,200,still_live_or_needs_purge,200,still_live_or_needs_purge
363054,maxi-doge-hype-surges-but-blockdags-presale-nears-record-410m,https://coincu.com/maxi-doge-hype-surges-but-blockdags-presale-nears-record-410m/,200,deleted,,200,still_live_or_needs_purge,200,still_live_or_needs_purge
362873,blockdag-0-0013-presale-outshines-doge-and-ada-as-investors-eye-best-crypto-for-2025,https://coincu.com/blockdag-0-0013-presale-outshines-doge-and-ada-as-investors-eye-best-crypto-for-2025/,200,deleted,,200,still_live_or_needs_purge,200,still_live_or_needs_purge
362614,toncoin-3-10-ethereum-nears-5k-blockdag-presale-hits-600m,https://coincu.com/toncoin-3-10-ethereum-nears-5k-blockdag-presale-hits-600m/,200,deleted,,200,still_live_or_needs_purge,200,still_live_or_needs_purge
362612,eth-volume-surges-shib-breaks-resistance-blockdag-confirms-20-listings,https://coincu.com/eth-volume-surges-shib-breaks-resistance-blockdag-confirms-20-listings/,200,deleted,,200,still_live_or_needs_purge,200,still_live_or_needs_purge
362610,sol-rockets-30-ada-holds-0-90-blockdag-dominates-with-407m-presale,https://coincu.com/sol-rockets-30-ada-holds-0-90-blockdag-dominates-with-407m-presale/,200,deleted,,200,still_live_or_needs_purge,200,still_live_or_needs_purge
361987,ethereum-doge-stall-blockdag-hits-nearly-405m-in-presale,https://coincu.com/ethereum-doge-stall-blockdag-hits-nearly-405m-in-presale/,200,deleted,,200,still_live_or_needs_purge,200,still_live_or_needs_purge
361985,tron-0-33-ada-0-85-struggle-as-blockdag-presale-grows,https://coincu.com/tron-0-33-ada-0-85-struggle-as-blockdag-presale-grows/,200,deleted,,200,still_live_or_needs_purge,200,still_live_or_needs_purge
361884,xrp-targets-5-xlm-eyes-0-60-as-blockdags-presale-soars-to-405,https://coincu.com/xrp-targets-5-xlm-eyes-0-60-as-blockdags-presale-soars-to-405/,200,deleted,,200,still_live_or_needs_purge,200,still_live_or_needs_purge
361367,ondo-breaks-out-dogecoin-targets-1-and-blockdags-presale-hits-405m,https://coincu.com/ondo-breaks-out-dogecoin-targets-1-and-blockdags-presale-hits-405m/,200,deleted,,200,still_live_or_needs_purge,200,still_live_or_needs_purge
361255,blockdag-0-0013-entry-dashboard-v4-presale-outshines-polygon-cardano,https://coincu.com/blockdag-0-0013-entry-dashboard-v4-presale-outshines-polygon-cardano/,200,deleted,,200,still_live_or_needs_purge,200,still_live_or_needs_purge
361252,trump-coin-steady-pi-network-slows-blockdag-almost-405m-presale-leads,https://coincu.com/trump-coin-steady-pi-network-slows-blockdag-almost-405m-presale-leads/,200,deleted,,200,still_live_or_needs_purge,200,still_live_or_needs_purge
361250,solana-cools-ondo-climbs-blockdag-dominates-with-403m-presale,https://coincu.com/solana-cools-ondo-climbs-blockdag-dominates-with-403m-presale/,200,deleted,,200,still_live_or_needs_purge,200,still_live_or_needs_purge
361241,eth-stalls-sol-battles-202-but-blockdags-404m-presale-leads,https://coincu.com/eth-stalls-sol-battles-202-but-blockdags-404m-presale-leads/,200,deleted,,200,still_live_or_needs_purge,200,still_live_or_needs_purge
