id,date,slug,status,url,backlink_rows,ref_domains,gsc_clicks,gsc_impressions,decision,reason
349091,2025-07-17T01:15:45,federal-reserve-chair-dismissal-controversy,publish,https://coincu.com/federal-reserve-chair-dismissal-controversy,0,0,0,0,draft_now,no_backlink_no_gsc_top1000_older_30d
349088,2025-07-17T00:45:43,wlfi-exchange-trading-approved,publish,https://coincu.com/wlfi-exchange-trading-approved,0,0,0,0,draft_now,no_backlink_no_gsc_top1000_older_30d
349085,2025-07-17T00:14:54,uk-mps-crypto-political-donations-ban,publish,https://coincu.com/uk-mps-crypto-political-donations-ban,0,0,0,0,draft_now,no_backlink_no_gsc_top1000_older_30d
349082,2025-07-16T23:45:20,us-house-advances-crypto-legislation,publish,https://coincu.com/us-house-advances-crypto-legislation,0,0,0,0,draft_now,no_backlink_no_gsc_top1000_older_30d
349079,2025-07-16T23:14:51,coinbase-base-app-launch-ethereum,publish,https://coincu.com/coinbase-base-app-launch-ethereum,0,0,0,0,draft_now,no_backlink_no_gsc_top1000_older_30d
349076,2025-07-16T22:15:13,traders-predict-fed-rate-cuts,publish,https://coincu.com/traders-predict-fed-rate-cuts,0,0,0,0,draft_now,no_backlink_no_gsc_top1000_older_30d
349073,2025-07-16T21:46:01,gamestop-cryptocurrency-trading-cards-payment,publish,https://coincu.com/gamestop-cryptocurrency-trading-cards-payment,0,0,0,0,draft_now,no_backlink_no_gsc_top1000_older_30d
349069,2025-07-16T20:46:15,bank-america-economic-forecast-2025,publish,https://coincu.com/bank-america-economic-forecast-2025,0,0,0,0,draft_now,no_backlink_no_gsc_top1000_older_30d
349066,2025-07-16T20:15:03,bulgaria-2018-bitcoin-sale-impact,publish,https://coincu.com/bulgaria-2018-bitcoin-sale-impact,0,0,0,0,draft_now,no_backlink_no_gsc_top1000_older_30d
349060,2025-07-16T19:44:47,crypto-markets-unaffected-trump-powell-speculation,publish,https://coincu.com/crypto-markets-unaffected-trump-powell-speculation,0,0,0,0,draft_now,no_backlink_no_gsc_top1000_older_30d
349054,2025-07-16T18:45:03,bigone-exchange-supply-chain-attack,publish,https://coincu.com/bigone-exchange-supply-chain-attack,0,0,0,0,draft_now,no_backlink_no_gsc_top1000_older_30d
349051,2025-07-16T18:15:25,bank-of-america-stablecoin-launch-plans,publish,https://coincu.com/bank-of-america-stablecoin-launch-plans,0,0,0,0,draft_now,no_backlink_no_gsc_top1000_older_30d
349047,2025-07-16T17:45:31,us-house-crypto-bill-vote,publish,https://coincu.com/us-house-crypto-bill-vote,0,0,0,0,draft_now,no_backlink_no_gsc_top1000_older_30d
349044,2025-07-16T17:15:53,solana-price-surge-pumpfun-tge,publish,https://coincu.com/solana-price-surge-pumpfun-tge,0,0,0,0,draft_now,no_backlink_no_gsc_top1000_older_30d
349038,2025-07-16T17:03:45,house-set-to-vote-on-key-crypto-bills-as-support,publish,https://coincu.com/house-set-to-vote-on-key-crypto-bills-as-support,0,0,0,0,draft_now,no_backlink_no_gsc_top1000_older_30d
349037,2025-07-16T16:45:43,monad-unfollows-key-figures-twitter,publish,https://coincu.com/monad-unfollows-key-figures-twitter,0,0,0,0,draft_now,no_backlink_no_gsc_top1000_older_30d
349032,2025-07-16T16:16:11,trump-fed-chair-renovation-debate,publish,https://coincu.com/trump-fed-chair-renovation-debate,0,0,0,0,draft_now,no_backlink_no_gsc_top1000_older_30d
349029,2025-07-16T15:45:24,trump-fire-fed-chair-powell,publish,https://coincu.com/trump-fire-fed-chair-powell,0,0,0,0,draft_now,no_backlink_no_gsc_top1000_older_30d
349026,2025-07-16T15:16:42,trump-considers-firing-fed-chair,publish,https://coincu.com/trump-considers-firing-fed-chair,0,0,0,0,draft_now,no_backlink_no_gsc_top1000_older_30d
349017,2025-07-16T14:49:54,pi-coin-price-dips-4-as-2-8m-pi-moves-from-okx,publish,https://coincu.com/pi-coin-price-dips-4-as-2-8m-pi-moves-from-okx,0,0,0,0,draft_now,no_backlink_no_gsc_top1000_older_30d
349021,2025-07-16T14:46:21,ld-capital-ethereum-rise-prediction,publish,https://coincu.com/ld-capital-ethereum-rise-prediction,0,0,0,0,draft_now,no_backlink_no_gsc_top1000_older_30d
349015,2025-07-16T14:25:43,aster-launches-24-7-stock-perpetual-contracts-trading-with-exposure-to-u-s-equities,publish,https://coincu.com/aster-launches-24-7-stock-perpetual-contracts-trading-with-exposure-to-u-s-equities,0,0,0,0,draft_now,no_backlink_no_gsc_top1000_older_30d
349011,2025-07-16T14:15:52,cantor-fitzgerald-bitcoin-blockstream,publish,https://coincu.com/cantor-fitzgerald-bitcoin-blockstream,0,0,0,0,draft_now,no_backlink_no_gsc_top1000_older_30d
349001,2025-07-16T13:16:20,fed-chair-powell-dismissal-speculation,publish,https://coincu.com/fed-chair-powell-dismissal-speculation,0,0,0,0,draft_now,no_backlink_no_gsc_top1000_older_30d
348994,2025-07-16T12:46:15,liveone-raises-8m-bitcoin-strategy,publish,https://coincu.com/liveone-raises-8m-bitcoin-strategy,0,0,0,0,draft_now,no_backlink_no_gsc_top1000_older_30d
348990,2025-07-16T12:35:13,vision-vsn-has-arrived-the-new-standard-for-user-centric-token-ecosystems,publish,https://coincu.com/vision-vsn-has-arrived-the-new-standard-for-user-centric-token-ecosystems,0,0,0,0,draft_now,no_backlink_no_gsc_top1000_older_30d
348987,2025-07-16T12:16:02,talos-coin-metrics-acquisition,publish,https://coincu.com/talos-coin-metrics-acquisition,0,0,0,0,draft_now,no_backlink_no_gsc_top1000_older_30d
348983,2025-07-16T12:10:26,snail-inc-announces-intent-to-explore-proprietary-usd-backed-stablecoin,publish,https://coincu.com/snail-inc-announces-intent-to-explore-proprietary-usd-backed-stablecoin,0,0,0,0,draft_now,no_backlink_no_gsc_top1000_older_30d
348980,2025-07-16T10:44:44,dormant-btc-whale-transaction,publish,https://coincu.com/dormant-btc-whale-transaction,0,0,0,0,draft_now,no_backlink_no_gsc_top1000_older_30d
348977,2025-07-16T10:16:00,eclipse-foundation-es-token-airdrop,publish,https://coincu.com/eclipse-foundation-es-token-airdrop,0,0,0,0,draft_now,no_backlink_no_gsc_top1000_older_30d
348971,2025-07-16T09:46:00,sharplink-largest-ethereum-holder-2,publish,https://coincu.com/sharplink-largest-ethereum-holder-2,0,0,0,0,draft_now,no_backlink_no_gsc_top1000_older_30d
348956,2025-07-16T09:15:24,hong-kong-crypto-professionals-extension,publish,https://coincu.com/hong-kong-crypto-professionals-extension,0,0,0,0,draft_now,no_backlink_no_gsc_top1000_older_30d
348949,2025-07-16T08:46:26,ld-capital-strategy-economic-uncertainty,publish,https://coincu.com/ld-capital-strategy-economic-uncertainty,0,0,0,0,draft_now,no_backlink_no_gsc_top1000_older_30d
348946,2025-07-16T08:16:12,cantor-spac-acquires-30000-btc,publish,https://coincu.com/cantor-spac-acquires-30000-btc,0,0,0,0,draft_now,no_backlink_no_gsc_top1000_older_30d
348943,2025-07-16T07:45:23,linekong-web3-lk-crypto-division,publish,https://coincu.com/linekong-web3-lk-crypto-division,0,0,0,0,draft_now,no_backlink_no_gsc_top1000_older_30d
348937,2025-07-16T07:37:41,mexc-research-report-unveils-2025-roi-benchmarks-and-launchpad-landscape-performance-metrics,publish,https://coincu.com/mexc-research-report-unveils-2025-roi-benchmarks-and-launchpad-landscape-performance-metrics,0,0,0,0,draft_now,no_backlink_no_gsc_top1000_older_30d
348936,2025-07-16T07:15:16,uk-digitalization-wholesale-finance,publish,https://coincu.com/uk-digitalization-wholesale-finance,0,0,0,0,draft_now,no_backlink_no_gsc_top1000_older_30d
348933,2025-07-16T06:46:21,jerome-powell-firing-rumors,publish,https://coincu.com/jerome-powell-firing-rumors,0,0,0,0,draft_now,no_backlink_no_gsc_top1000_older_30d
348929,2025-07-16T06:15:32,bigone-27m-hot-wallet-breach,publish,https://coincu.com/bigone-27m-hot-wallet-breach,0,0,0,0,draft_now,no_backlink_no_gsc_top1000_older_30d
348926,2025-07-16T05:45:02,genius-act-vote-speculation-crypto,publish,https://coincu.com/genius-act-vote-speculation-crypto,0,0,0,0,draft_now,no_backlink_no_gsc_top1000_older_30d
348923,2025-07-16T05:16:26,ethereum-surpasses-johnson-johnson-market-cap,publish,https://coincu.com/ethereum-surpasses-johnson-johnson-market-cap,0,0,0,0,draft_now,no_backlink_no_gsc_top1000_older_30d
348920,2025-07-16T05:02:20,ethglobal-new-york-2025,publish,https://coincu.com/ethglobal-new-york-2025,0,0,0,0,draft_now,no_backlink_no_gsc_top1000_older_30d
348918,2025-07-16T04:45:07,blackrock-inflation-tariffs-impact,publish,https://coincu.com/blackrock-inflation-tariffs-impact,0,0,0,0,draft_now,no_backlink_no_gsc_top1000_older_30d
348915,2025-07-16T04:32:20,pragma-new-york-2025,publish,https://coincu.com/pragma-new-york-2025,0,0,0,0,draft_now,no_backlink_no_gsc_top1000_older_30d
348913,2025-07-16T04:14:39,jiufang-investment-hk-share-allotment,publish,https://coincu.com/jiufang-investment-hk-share-allotment,0,0,0,0,draft_now,no_backlink_no_gsc_top1000_older_30d
348910,2025-07-16T04:02:32,ethereum-nyc-nextfin-summit,publish,https://coincu.com/ethereum-nyc-nextfin-summit,0,0,0,0,draft_now,no_backlink_no_gsc_top1000_older_30d
348908,2025-07-16T03:46:20,aave-tvl-reaches-30-billion,publish,https://coincu.com/aave-tvl-reaches-30-billion,0,0,0,0,draft_now,no_backlink_no_gsc_top1000_older_30d
348905,2025-07-16T03:32:17,ethereum-research-funding-forum,publish,https://coincu.com/ethereum-research-funding-forum,0,0,0,0,draft_now,no_backlink_no_gsc_top1000_older_30d
348901,2025-07-16T03:02:35,ethereum-nyc-2025,publish,https://coincu.com/ethereum-nyc-2025,0,0,0,0,draft_now,no_backlink_no_gsc_top1000_older_30d
348899,2025-07-16T02:45:24,cantor-fitzgerald-bitcoin-acquisition-deal,publish,https://coincu.com/cantor-fitzgerald-bitcoin-acquisition-deal,0,0,0,0,draft_now,no_backlink_no_gsc_top1000_older_30d
348895,2025-07-16T01:44:34,us-house-vote-crypto-bills-2,publish,https://coincu.com/us-house-vote-crypto-bills-2,0,0,0,0,draft_now,no_backlink_no_gsc_top1000_older_30d
348892,2025-07-16T01:15:46,genius-act-congress-vote-discussions,publish,https://coincu.com/genius-act-congress-vote-discussions,0,0,0,0,draft_now,no_backlink_no_gsc_top1000_older_30d
348889,2025-07-16T00:45:01,house-rejects-crypto-bill,publish,https://coincu.com/house-rejects-crypto-bill,0,0,0,0,draft_now,no_backlink_no_gsc_top1000_older_30d
348886,2025-07-16T00:16:42,trump-brainard-fed-chair-impact,publish,https://coincu.com/trump-brainard-fed-chair-impact,0,0,0,0,draft_now,no_backlink_no_gsc_top1000_older_30d
348883,2025-07-15T23:45:38,us-house-crypto-bills-delay,publish,https://coincu.com/us-house-crypto-bills-delay,0,0,0,0,draft_now,no_backlink_no_gsc_top1000_older_30d
348880,2025-07-15T23:13:55,ripple-seeks-mica-eu-expansion,publish,https://coincu.com/ripple-seeks-mica-eu-expansion,0,0,0,0,draft_now,no_backlink_no_gsc_top1000_older_30d
348876,2025-07-15T22:15:33,chinasansan-media-hong-kong-stablecoin,publish,https://coincu.com/chinasansan-media-hong-kong-stablecoin,0,0,0,0,draft_now,no_backlink_no_gsc_top1000_older_30d
348873,2025-07-15T21:45:18,us-house-crypto-vote,publish,https://coincu.com/us-house-crypto-vote,0,0,0,0,draft_now,no_backlink_no_gsc_top1000_older_30d
348870,2025-07-15T21:15:16,bitwise-third-party-proof-reserves,publish,https://coincu.com/bitwise-third-party-proof-reserves,0,0,0,0,draft_now,no_backlink_no_gsc_top1000_older_30d
348808,2025-07-15T21:00:00,2025-top-trending-cryptos-in-2025-bdag-sui-xrp-bonk,publish,https://coincu.com/2025-top-trending-cryptos-in-2025-bdag-sui-xrp-bonk,0,0,0,0,draft_now,no_backlink_no_gsc_top1000_older_30d
348867,2025-07-15T20:45:44,donald-trump-jr-thumzup-investment,publish,https://coincu.com/donald-trump-jr-thumzup-investment,0,0,0,0,draft_now,no_backlink_no_gsc_top1000_older_30d
348864,2025-07-15T20:15:09,ghana-crypto-regulation-gold-hedging,publish,https://coincu.com/ghana-crypto-regulation-gold-hedging,0,0,0,0,draft_now,no_backlink_no_gsc_top1000_older_30d
348851,2025-07-15T18:45:49,tether-127-billion-us-treasuries,publish,https://coincu.com/tether-127-billion-us-treasuries,0,0,0,0,draft_now,no_backlink_no_gsc_top1000_older_30d
348848,2025-07-15T18:16:47,u-s-stablecoin-regulation-moves-forward,publish,https://coincu.com/u-s-stablecoin-regulation-moves-forward,0,0,0,0,draft_now,no_backlink_no_gsc_top1000_older_30d
348845,2025-07-15T17:46:20,pump-fun-token-sale-acquisition,publish,https://coincu.com/pump-fun-token-sale-acquisition,0,0,0,0,draft_now,no_backlink_no_gsc_top1000_older_30d
348838,2025-07-15T17:15:07,trump-fed-rate-cut-demand,publish,https://coincu.com/trump-fed-rate-cut-demand,0,0,0,0,draft_now,no_backlink_no_gsc_top1000_older_30d
348835,2025-07-15T16:46:12,federal-reserve-succession-shadow-rumors,publish,https://coincu.com/federal-reserve-succession-shadow-rumors,0,0,0,0,draft_now,no_backlink_no_gsc_top1000_older_30d
348832,2025-07-15T16:16:41,citi-explores-stablecoin-issuance,publish,https://coincu.com/citi-explores-stablecoin-issuance,0,0,0,0,draft_now,no_backlink_no_gsc_top1000_older_30d
348829,2025-07-15T15:45:29,us-ban-central-bank-digital-currency-sacks,publish,https://coincu.com/us-ban-central-bank-digital-currency-sacks,0,0,0,0,draft_now,no_backlink_no_gsc_top1000_older_30d
348821,2025-07-15T15:31:51,multibank-group-announces-7-million-mbg-tokens-sold-out-in-under-one-hour-during-initial-pre-sale,publish,https://coincu.com/multibank-group-announces-7-million-mbg-tokens-sold-out-in-under-one-hour-during-initial-pre-sale,0,0,0,0,draft_now,no_backlink_no_gsc_top1000_older_30d
348818,2025-07-15T15:16:08,jack-yi-crypto-market-warning,publish,https://coincu.com/jack-yi-crypto-market-warning,0,0,0,0,draft_now,no_backlink_no_gsc_top1000_older_30d
348815,2025-07-15T14:46:36,sharplink-largest-ethereum-holder,publish,https://coincu.com/sharplink-largest-ethereum-holder,0,0,0,0,draft_now,no_backlink_no_gsc_top1000_older_30d
348804,2025-07-15T14:38:25,ondo-finance-integrates-with-bnb-chain-to-expand,publish,https://coincu.com/ondo-finance-integrates-with-bnb-chain-to-expand,0,0,0,0,draft_now,no_backlink_no_gsc_top1000_older_30d
348803,2025-07-15T14:16:03,trump-fed-rate-cuts-low-prices,publish,https://coincu.com/trump-fed-rate-cuts-low-prices,0,0,0,0,draft_now,no_backlink_no_gsc_top1000_older_30d
348796,2025-07-15T14:04:43,xrp-news-today-heres-how-much-youd-need-to-invest-to-hit-1m-in-5-months-plus-2-cheaper-tokens-that-will-do-it-with-smaller-investment,publish,https://coincu.com/xrp-news-today-heres-how-much-youd-need-to-invest-to-hit-1m-in-5-months-plus-2-cheaper-tokens-that-will-do-it-with-smaller-investment,0,0,0,0,draft_now,no_backlink_no_gsc_top1000_older_30d
348795,2025-07-15T13:47:24,kraken-us-derivatives-launch,publish,https://coincu.com/kraken-us-derivatives-launch,0,0,0,0,draft_now,no_backlink_no_gsc_top1000_older_30d
348791,2025-07-15T13:20:17,allnodes-among-first-to-launch-bare-metal-servers-powered-by-amd-threadripper-9000-series,publish,https://coincu.com/allnodes-among-first-to-launch-bare-metal-servers-powered-by-amd-threadripper-9000-series,0,0,0,0,draft_now,no_backlink_no_gsc_top1000_older_30d
348788,2025-07-15T13:15:32,us-house-vote-crypto-bills,publish,https://coincu.com/us-house-vote-crypto-bills,0,0,0,0,draft_now,no_backlink_no_gsc_top1000_older_30d
348784,2025-07-15T13:03:17,tac-token-debuts-in-tvl-as-tac-mainnet-goes-live-with-leading-defi-protocols,publish,https://coincu.com/tac-token-debuts-in-tvl-as-tac-mainnet-goes-live-with-leading-defi-protocols,0,0,0,0,draft_now,no_backlink_no_gsc_top1000_older_30d
348780,2025-07-15T12:46:38,federal-reserve-september-rate-cut-forecast,publish,https://coincu.com/federal-reserve-september-rate-cut-forecast,0,0,0,0,draft_now,no_backlink_no_gsc_top1000_older_30d
348777,2025-07-15T12:19:08,strategy-expands-bitcoin-holdings-2,publish,https://coincu.com/strategy-expands-bitcoin-holdings-2,0,0,0,0,draft_now,no_backlink_no_gsc_top1000_older_30d
348774,2025-07-15T11:48:04,janet-yellen-next-fed-chair,publish,https://coincu.com/janet-yellen-next-fed-chair,0,0,0,0,draft_now,no_backlink_no_gsc_top1000_older_30d
348768,2025-07-15T11:28:21,blockchain-group-secures-e6m-to-expand-bitcoin,publish,https://coincu.com/blockchain-group-secures-e6m-to-expand-bitcoin,0,0,0,0,draft_now,no_backlink_no_gsc_top1000_older_30d
348767,2025-07-15T11:06:36,proshares-ultra-xrp-etf-approved,publish,https://coincu.com/proshares-ultra-xrp-etf-approved,0,0,0,0,draft_now,no_backlink_no_gsc_top1000_older_30d
348764,2025-07-15T10:29:51,nyse-approves-proshares-ultra-xrp-etf,publish,https://coincu.com/nyse-approves-proshares-ultra-xrp-etf,0,0,0,0,draft_now,no_backlink_no_gsc_top1000_older_30d
348741,2025-07-15T10:00:00,mexc-announces-t3rn-trn-launchpool-event-with-190000-trn-prize-pool,publish,https://coincu.com/mexc-announces-t3rn-trn-launchpool-event-with-190000-trn-prize-pool,0,0,0,0,draft_now,no_backlink_no_gsc_top1000_older_30d
348756,2025-07-15T09:56:10,chinas-gdp-growth-crypto-impact,publish,https://coincu.com/chinas-gdp-growth-crypto-impact,0,0,0,0,draft_now,no_backlink_no_gsc_top1000_older_30d
348751,2025-07-15T09:34:49,exchange-freezes-threaten-your-capital-and-how-to-prevent-it-2,publish,https://coincu.com/exchange-freezes-threaten-your-capital-and-how-to-prevent-it-2,0,0,0,0,draft_now,no_backlink_no_gsc_top1000_older_30d
348750,2025-07-15T09:16:22,trump-russia-tariff-unverified,publish,https://coincu.com/trump-russia-tariff-unverified,0,0,0,0,draft_now,no_backlink_no_gsc_top1000_older_30d
348747,2025-07-15T08:44:04,china-gdp-growth-h1-2025,publish,https://coincu.com/china-gdp-growth-h1-2025,0,0,0,0,draft_now,no_backlink_no_gsc_top1000_older_30d
348740,2025-07-15T08:13:26,whale-bitcoin-transfer-1-22-billion,publish,https://coincu.com/whale-bitcoin-transfer-1-22-billion,0,0,0,0,draft_now,no_backlink_no_gsc_top1000_older_30d
348737,2025-07-15T07:43:51,standard-chartered-bitcoin-ethereum-trading,publish,https://coincu.com/standard-chartered-bitcoin-ethereum-trading,0,0,0,0,draft_now,no_backlink_no_gsc_top1000_older_30d
348731,2025-07-15T06:42:59,trump-inflation-crypto-market-impact,publish,https://coincu.com/trump-inflation-crypto-market-impact,0,0,0,0,draft_now,no_backlink_no_gsc_top1000_older_30d
348728,2025-07-15T06:14:36,arcadia-finance-crypto-hack,publish,https://coincu.com/arcadia-finance-crypto-hack,0,0,0,0,draft_now,no_backlink_no_gsc_top1000_older_30d
348725,2025-07-15T04:44:23,binance-alpha-list-caldera-era,publish,https://coincu.com/binance-alpha-list-caldera-era,0,0,0,0,draft_now,no_backlink_no_gsc_top1000_older_30d
348722,2025-07-15T04:02:16,solana-boston-2025,publish,https://coincu.com/solana-boston-2025,0,0,0,0,draft_now,no_backlink_no_gsc_top1000_older_30d
348717,2025-07-15T03:32:23,ethboston-2025,publish,https://coincu.com/ethboston-2025,0,0,0,0,draft_now,no_backlink_no_gsc_top1000_older_30d
348715,2025-07-15T03:02:33,boston-blockchain-week-2025,publish,https://coincu.com/boston-blockchain-week-2025,0,0,0,0,draft_now,no_backlink_no_gsc_top1000_older_30d
348713,2025-07-15T02:43:51,eu-prepares-counter-tariffs-us-trade,publish,https://coincu.com/eu-prepares-counter-tariffs-us-trade,0,0,0,0,draft_now,no_backlink_no_gsc_top1000_older_30d
348710,2025-07-15T02:13:13,china-gdp-growth-2025-first-half,publish,https://coincu.com/china-gdp-growth-2025-first-half,0,0,0,0,draft_now,no_backlink_no_gsc_top1000_older_30d
348707,2025-07-15T01:42:20,kazakhstan-crypto-reserves-strategy,publish,https://coincu.com/kazakhstan-crypto-reserves-strategy,0,0,0,0,draft_now,no_backlink_no_gsc_top1000_older_30d
348704,2025-07-15T01:11:27,cmb-international-hong-kong-asset-license,publish,https://coincu.com/cmb-international-hong-kong-asset-license,0,0,0,0,draft_now,no_backlink_no_gsc_top1000_older_30d
348700,2025-07-15T00:43:00,china-stablecoins-wechat-impact,publish,https://coincu.com/china-stablecoins-wechat-impact,0,0,0,0,draft_now,no_backlink_no_gsc_top1000_older_30d
348697,2025-07-15T00:11:54,us-regulators-enhance-crypto-custody,publish,https://coincu.com/us-regulators-enhance-crypto-custody,0,0,0,0,draft_now,no_backlink_no_gsc_top1000_older_30d
348694,2025-07-14T23:41:32,trump-ai-energy-investment-plan,publish,https://coincu.com/trump-ai-energy-investment-plan,0,0,0,0,draft_now,no_backlink_no_gsc_top1000_older_30d
348691,2025-07-14T23:11:21,binance-bonding-curve-tge-introduction,publish,https://coincu.com/binance-bonding-curve-tge-introduction,0,0,0,0,draft_now,no_backlink_no_gsc_top1000_older_30d
348687,2025-07-14T22:41:23,wintermute-pump-tokens-liquidity,publish,https://coincu.com/wintermute-pump-tokens-liquidity,0,0,0,0,draft_now,no_backlink_no_gsc_top1000_older_30d
348680,2025-07-14T22:11:02,pump-token-launch-500m-sale,publish,https://coincu.com/pump-token-launch-500m-sale,0,0,0,0,draft_now,no_backlink_no_gsc_top1000_older_30d
348677,2025-07-14T21:40:27,hungary-strict-crypto-regulations-impact,publish,https://coincu.com/hungary-strict-crypto-regulations-impact,0,0,0,0,draft_now,no_backlink_no_gsc_top1000_older_30d
348673,2025-07-14T21:11:39,crypto-firms-us-national-trust-bank,publish,https://coincu.com/crypto-firms-us-national-trust-bank,0,0,0,0,draft_now,no_backlink_no_gsc_top1000_older_30d
348669,2025-07-14T19:41:39,trump-russia-tariff-bitcoin,publish,https://coincu.com/trump-russia-tariff-bitcoin,0,0,0,0,draft_now,no_backlink_no_gsc_top1000_older_30d
348666,2025-07-14T19:13:17,strategy-4225-bitcoins-purchase,publish,https://coincu.com/strategy-4225-bitcoins-purchase,0,0,0,0,draft_now,no_backlink_no_gsc_top1000_older_30d
348663,2025-07-14T18:42:12,matador-technologies-900m-prospectus,publish,https://coincu.com/matador-technologies-900m-prospectus,0,0,0,0,draft_now,no_backlink_no_gsc_top1000_older_30d
348660,2025-07-14T18:11:15,fed-fdic-occ-crypto-custody-guidance,publish,https://coincu.com/fed-fdic-occ-crypto-custody-guidance,0,0,0,0,draft_now,no_backlink_no_gsc_top1000_older_30d
348657,2025-07-14T17:42:37,raimondo-clarifies-us-sanctions-russia,publish,https://coincu.com/raimondo-clarifies-us-sanctions-russia,0,0,0,0,draft_now,no_backlink_no_gsc_top1000_older_30d
348654,2025-07-14T17:12:49,federal-reserve-rate-cuts-discussion,publish,https://coincu.com/federal-reserve-rate-cuts-discussion,0,0,0,0,draft_now,no_backlink_no_gsc_top1000_older_30d
348651,2025-07-14T16:42:57,aave-net-deposits-50b-defi,publish,https://coincu.com/aave-net-deposits-50b-defi,0,0,0,0,draft_now,no_backlink_no_gsc_top1000_older_30d
348648,2025-07-14T16:12:00,eu-counter-tariffs-us-trump,publish,https://coincu.com/eu-counter-tariffs-us-trump,0,0,0,0,draft_now,no_backlink_no_gsc_top1000_older_30d
348645,2025-07-14T15:42:30,trump-threatens-tariff-russia,publish,https://coincu.com/trump-threatens-tariff-russia,0,0,0,0,draft_now,no_backlink_no_gsc_top1000_older_30d
348642,2025-07-14T15:12:46,kazakhstan-invests-crypto-reserves,publish,https://coincu.com/kazakhstan-invests-crypto-reserves,0,0,0,0,draft_now,no_backlink_no_gsc_top1000_older_30d
348632,2025-07-14T14:44:47,heraldex-defines-the-future-with-its-one-stop-crypto-platform-for-businesses,publish,https://coincu.com/heraldex-defines-the-future-with-its-one-stop-crypto-platform-for-businesses,0,0,0,0,draft_now,no_backlink_no_gsc_top1000_older_30d
348626,2025-07-14T14:41:01,xbo-com-launches-final-phase-of-token-presale,publish,https://coincu.com/xbo-com-launches-final-phase-of-token-presale,0,0,0,0,draft_now,no_backlink_no_gsc_top1000_older_30d
348617,2025-07-14T14:11:32,cmb-international-crypto-license-hongkong,publish,https://coincu.com/cmb-international-crypto-license-hongkong,0,0,0,0,draft_now,no_backlink_no_gsc_top1000_older_30d
348599,2025-07-14T13:54:25,sonnet-rorschach-to-merge-in-888m-hype-crypto-treasury-deal,publish,https://coincu.com/sonnet-rorschach-to-merge-in-888m-hype-crypto-treasury-deal,0,0,0,0,draft_now,no_backlink_no_gsc_top1000_older_30d
348602,2025-07-14T13:42:40,capitol-hill-crypto-legislation,publish,https://coincu.com/capitol-hill-crypto-legislation,0,0,0,0,draft_now,no_backlink_no_gsc_top1000_older_30d
348597,2025-07-14T13:10:33,white-house-ongoing-trade-talks,publish,https://coincu.com/white-house-ongoing-trade-talks,0,0,0,0,draft_now,no_backlink_no_gsc_top1000_older_30d
348590,2025-07-14T12:42:33,hassett-tariff-federal-reserve-independence,publish,https://coincu.com/hassett-tariff-federal-reserve-independence,0,0,0,0,draft_now,no_backlink_no_gsc_top1000_older_30d
348586,2025-07-14T12:32:08,bsgm-engages-cxg-to-acquire-finra-sec-registered-broker-dealer-to-expand-publicly-traded-rwa-tokenization-operations,publish,https://coincu.com/bsgm-engages-cxg-to-acquire-finra-sec-registered-broker-dealer-to-expand-publicly-traded-rwa-tokenization-operations,0,0,0,0,draft_now,no_backlink_no_gsc_top1000_older_30d
348583,2025-07-14T12:12:35,matador-looks-to-raise-900-million,publish,https://coincu.com/matador-looks-to-raise-900-million,0,0,0,0,draft_now,no_backlink_no_gsc_top1000_older_30d
348580,2025-07-14T11:41:20,bitcoin-price-surpasses-120000,publish,https://coincu.com/bitcoin-price-surpasses-120000,0,0,0,0,draft_now,no_backlink_no_gsc_top1000_older_30d
348577,2025-07-14T11:12:15,hungary-strict-crypto-regulations,publish,https://coincu.com/hungary-strict-crypto-regulations,0,0,0,0,draft_now,no_backlink_no_gsc_top1000_older_30d
348574,2025-07-14T10:11:30,crypto-firms-us-bank-licenses,publish,https://coincu.com/crypto-firms-us-bank-licenses,0,0,0,0,draft_now,no_backlink_no_gsc_top1000_older_30d
348571,2025-07-14T09:41:37,china-financial-crimes-digital-finance-policy,publish,https://coincu.com/china-financial-crimes-digital-finance-policy,0,0,0,0,draft_now,no_backlink_no_gsc_top1000_older_30d
348568,2025-07-14T09:40:25,china-financial-trials-focus,publish,https://coincu.com/china-financial-trials-focus,0,0,0,0,draft_now,no_backlink_no_gsc_top1000_older_30d
348565,2025-07-14T09:05:24,crypto-etp-inflows-record,publish,https://coincu.com/crypto-etp-inflows-record,0,0,0,0,draft_now,no_backlink_no_gsc_top1000_older_30d
348558,2025-07-14T08:45:28,what-is-bullbit-the-ai-powered-decentralized-derivatives-exchange-for-token-creation-on-bnb-chain,publish,https://coincu.com/what-is-bullbit-the-ai-powered-decentralized-derivatives-exchange-for-token-creation-on-bnb-chain,0,0,0,0,draft_now,no_backlink_no_gsc_top1000_older_30d
348553,2025-07-14T08:37:51,synthetic-darwin-self-evolving-ai-system-with-already-secured-partnerships-in-israels-aerospace-defense-sectors-to-launch-utility-token-on-solana-july-15,publish,https://coincu.com/synthetic-darwin-self-evolving-ai-system-with-already-secured-partnerships-in-israels-aerospace-defense-sectors-to-launch-utility-token-on-solana-july-15,0,0,0,0,draft_now,no_backlink_no_gsc_top1000_older_30d
348552,2025-07-14T08:34:30,satoshi-nakamoto-bitcoin-wealth,publish,https://coincu.com/satoshi-nakamoto-bitcoin-wealth,0,0,0,0,draft_now,no_backlink_no_gsc_top1000_older_30d
348549,2025-07-14T08:04:32,abraxas-capital-hyperliquid-losses,publish,https://coincu.com/abraxas-capital-hyperliquid-losses,0,0,0,0,draft_now,no_backlink_no_gsc_top1000_older_30d
348543,2025-07-14T07:03:26,public-companies-bitcoin-holdings-2025,publish,https://coincu.com/public-companies-bitcoin-holdings-2025,0,0,0,0,draft_now,no_backlink_no_gsc_top1000_older_30d
348540,2025-07-14T06:34:32,japan-bond-yield-crypto-impact,publish,https://coincu.com/japan-bond-yield-crypto-impact,0,0,0,0,draft_now,no_backlink_no_gsc_top1000_older_30d
348537,2025-07-14T06:04:53,kenya-introduces-kenyan-ndt-token-solana,publish,https://coincu.com/kenya-introduces-kenyan-ndt-token-solana,0,0,0,0,draft_now,no_backlink_no_gsc_top1000_older_30d
348534,2025-07-14T05:33:49,crypto-funding-rates-neutral-market,publish,https://coincu.com/crypto-funding-rates-neutral-market,0,0,0,0,draft_now,no_backlink_no_gsc_top1000_older_30d
348531,2025-07-14T05:04:45,bitcoin-price-unconfirmed-amid-rumors,publish,https://coincu.com/bitcoin-price-unconfirmed-amid-rumors,0,0,0,0,draft_now,no_backlink_no_gsc_top1000_older_30d
348528,2025-07-14T05:02:36,summit-on-decentralization-ai-2025,publish,https://coincu.com/summit-on-decentralization-ai-2025,0,0,0,0,draft_now,no_backlink_no_gsc_top1000_older_30d
348526,2025-07-14T04:34:28,hong-kong-stablecoin-licenses-2025-2,publish,https://coincu.com/hong-kong-stablecoin-licenses-2025-2,0,0,0,0,draft_now,no_backlink_no_gsc_top1000_older_30d
348523,2025-07-14T04:32:23,blockchain-application-stanford-summit-2025,publish,https://coincu.com/blockchain-application-stanford-summit-2025,0,0,0,0,draft_now,no_backlink_no_gsc_top1000_older_30d
348521,2025-07-14T04:04:22,eu-us-trade-tariffs-talks,publish,https://coincu.com/eu-us-trade-tariffs-talks,0,0,0,0,draft_now,no_backlink_no_gsc_top1000_older_30d
348518,2025-07-14T04:02:25,blockchain-ai-summit-kuala-lumpur,publish,https://coincu.com/blockchain-ai-summit-kuala-lumpur,0,0,0,0,draft_now,no_backlink_no_gsc_top1000_older_30d
348516,2025-07-14T03:33:27,eu-tariff-suspension-negotiation,publish,https://coincu.com/eu-tariff-suspension-negotiation,0,0,0,0,draft_now,no_backlink_no_gsc_top1000_older_30d
348513,2025-07-14T03:32:23,zebu-live-2025-london-web3-crypto-conference,publish,https://coincu.com/zebu-live-2025-london-web3-crypto-conference,0,0,0,0,draft_now,no_backlink_no_gsc_top1000_older_30d
348508,2025-07-14T03:04:27,china-zero-tariff-africa-trade,publish,https://coincu.com/china-zero-tariff-africa-trade,0,0,0,0,draft_now,no_backlink_no_gsc_top1000_older_30d
348505,2025-07-14T03:02:20,web3-infra-day-mybw2025,publish,https://coincu.com/web3-infra-day-mybw2025,0,0,0,0,draft_now,no_backlink_no_gsc_top1000_older_30d
348503,2025-07-14T02:34:15,hong-kong-stablecoin-ordinance-2025-2,publish,https://coincu.com/hong-kong-stablecoin-ordinance-2025-2,0,0,0,0,draft_now,no_backlink_no_gsc_top1000_older_30d
348500,2025-07-14T02:04:09,bitcoin-high-muted-interest,publish,https://coincu.com/bitcoin-high-muted-interest,0,0,0,0,draft_now,no_backlink_no_gsc_top1000_older_30d
348497,2025-07-14T01:33:22,hong-kong-korea-digital-asset-talks,publish,https://coincu.com/hong-kong-korea-digital-asset-talks,0,0,0,0,draft_now,no_backlink_no_gsc_top1000_older_30d
348494,2025-07-14T01:05:22,czech-bank-coinbase-investment,publish,https://coincu.com/czech-bank-coinbase-investment,0,0,0,0,draft_now,no_backlink_no_gsc_top1000_older_30d
348491,2025-07-14T00:33:54,massive-liquidation-bitcoin-ethereum-impact,publish,https://coincu.com/massive-liquidation-bitcoin-ethereum-impact,0,0,0,0,draft_now,no_backlink_no_gsc_top1000_older_30d
348488,2025-07-14T00:04:33,pump-fun-kolscan-acquisition-token-sale,publish,https://coincu.com/pump-fun-kolscan-acquisition-token-sale,0,0,0,0,draft_now,no_backlink_no_gsc_top1000_older_30d
348485,2025-07-13T23:33:48,bank-of-england-stablecoin-concerns,publish,https://coincu.com/bank-of-england-stablecoin-concerns,0,0,0,0,draft_now,no_backlink_no_gsc_top1000_older_30d
348482,2025-07-13T23:03:51,backpack-ceo-refutes-bp-token-delays,publish,https://coincu.com/backpack-ceo-refutes-bp-token-delays,0,0,0,0,draft_now,no_backlink_no_gsc_top1000_older_30d
348479,2025-07-13T22:33:50,bybit-pump-token-sale-oversubscription-2,publish,https://coincu.com/bybit-pump-token-sale-oversubscription-2,0,0,0,0,draft_now,no_backlink_no_gsc_top1000_older_30d
348476,2025-07-13T22:03:22,blockfi-doj-35m-crypto-settlement,publish,https://coincu.com/blockfi-doj-35m-crypto-settlement,0,0,0,0,draft_now,no_backlink_no_gsc_top1000_older_30d
348470,2025-07-13T21:03:50,binance-alpha-sperax-airdrop-event,publish,https://coincu.com/binance-alpha-sperax-airdrop-event,0,0,0,0,draft_now,no_backlink_no_gsc_top1000_older_30d
348467,2025-07-13T20:34:32,pump-tokens-exchanges-speculation,publish,https://coincu.com/pump-tokens-exchanges-speculation,0,0,0,0,draft_now,no_backlink_no_gsc_top1000_older_30d
348464,2025-07-13T20:04:09,pump-token-raises-500-million,publish,https://coincu.com/pump-token-raises-500-million,0,0,0,0,draft_now,no_backlink_no_gsc_top1000_older_30d
348461,2025-07-13T19:33:43,lianlian-digital-share-placement-hk394m,publish,https://coincu.com/lianlian-digital-share-placement-hk394m,0,0,0,0,draft_now,no_backlink_no_gsc_top1000_older_30d
348458,2025-07-13T19:03:10,lianlian-digital-h-shares-issuance,publish,https://coincu.com/lianlian-digital-h-shares-issuance,0,0,0,0,draft_now,no_backlink_no_gsc_top1000_older_30d
348455,2025-07-13T18:33:57,binance-alpha-peaq-token-airdrop-2,publish,https://coincu.com/binance-alpha-peaq-token-airdrop-2,0,0,0,0,draft_now,no_backlink_no_gsc_top1000_older_30d
348452,2025-07-13T17:33:26,trump-discuss-firing-fed-chair-powell,publish,https://coincu.com/trump-discuss-firing-fed-chair-powell,0,0,0,0,draft_now,no_backlink_no_gsc_top1000_older_30d
348449,2025-07-13T17:02:58,hong-kong-limits-stablecoin-licenses,publish,https://coincu.com/hong-kong-limits-stablecoin-licenses,0,0,0,0,draft_now,no_backlink_no_gsc_top1000_older_30d
348445,2025-07-13T16:34:57,trump-fed-powell-dismissal,publish,https://coincu.com/trump-fed-powell-dismissal,0,0,0,0,draft_now,no_backlink_no_gsc_top1000_older_30d
348442,2025-07-13T16:04:44,trump-trade-tariff-hassett-onshoring,publish,https://coincu.com/trump-trade-tariff-hassett-onshoring,0,0,0,0,draft_now,no_backlink_no_gsc_top1000_older_30d
348439,2025-07-13T15:34:45,trump-eu-mexico-tariff-rumor-unconfirmed,publish,https://coincu.com/trump-eu-mexico-tariff-rumor-unconfirmed,0,0,0,0,draft_now,no_backlink_no_gsc_top1000_older_30d
348435,2025-07-13T15:04:05,fed-rate-cut-pressure-renovation,publish,https://coincu.com/fed-rate-cut-pressure-renovation,0,0,0,0,draft_now,no_backlink_no_gsc_top1000_older_30d
348432,2025-07-13T14:34:02,us-house-crypto-week-bill-passage,publish,https://coincu.com/us-house-crypto-week-bill-passage,0,0,0,0,draft_now,no_backlink_no_gsc_top1000_older_30d
348426,2025-07-13T14:03:41,trump-tariff-brazilian-imports-august,publish,https://coincu.com/trump-tariff-brazilian-imports-august,0,0,0,0,draft_now,no_backlink_no_gsc_top1000_older_30d
348420,2025-07-13T13:34:01,eu-us-tariff-negotiations-august,publish,https://coincu.com/eu-us-tariff-negotiations-august,0,0,0,0,draft_now,no_backlink_no_gsc_top1000_older_30d
348417,2025-07-13T13:04:43,token-unlocks-impact-market-supply,publish,https://coincu.com/token-unlocks-impact-market-supply,0,0,0,0,draft_now,no_backlink_no_gsc_top1000_older_30d
348414,2025-07-13T12:33:40,us-imposes-eu-tariffs,publish,https://coincu.com/us-imposes-eu-tariffs,0,0,0,0,draft_now,no_backlink_no_gsc_top1000_older_30d
348411,2025-07-13T12:04:07,pump-fun-acquires-kolscan-token-sale,publish,https://coincu.com/pump-fun-acquires-kolscan-token-sale,0,0,0,0,draft_now,no_backlink_no_gsc_top1000_older_30d
348408,2025-07-13T11:33:52,us-macro-data-affects-crypto,publish,https://coincu.com/us-macro-data-affects-crypto,0,0,0,0,draft_now,no_backlink_no_gsc_top1000_older_30d
348405,2025-07-13T11:04:03,us-tariffs-mexico-eu-impact,publish,https://coincu.com/us-tariffs-mexico-eu-impact,0,0,0,0,draft_now,no_backlink_no_gsc_top1000_older_30d
348399,2025-07-13T10:33:39,coinbase-binance-trump-allegations,publish,https://coincu.com/coinbase-binance-trump-allegations,0,0,0,0,draft_now,no_backlink_no_gsc_top1000_older_30d
348396,2025-07-13T10:05:00,crypto-fat-penguin-avatars,publish,https://coincu.com/crypto-fat-penguin-avatars,0,0,0,0,draft_now,no_backlink_no_gsc_top1000_older_30d
348393,2025-07-13T09:34:26,trump-eu-tariff-market-impact,publish,https://coincu.com/trump-eu-tariff-market-impact,0,0,0,0,draft_now,no_backlink_no_gsc_top1000_older_30d
348390,2025-07-13T09:03:48,rwa-tokenization-tvl-surpasses,publish,https://coincu.com/rwa-tokenization-tvl-surpasses,0,0,0,0,draft_now,no_backlink_no_gsc_top1000_older_30d
348387,2025-07-13T08:33:51,us-tariffs-bitcoin-surge-2025,publish,https://coincu.com/us-tariffs-bitcoin-surge-2025,0,0,0,0,draft_now,no_backlink_no_gsc_top1000_older_30d
348384,2025-07-13T08:04:07,fedwatch-steady-rates-bitcoin-market,publish,https://coincu.com/fedwatch-steady-rates-bitcoin-market,0,0,0,0,draft_now,no_backlink_no_gsc_top1000_older_30d
348381,2025-07-13T07:33:35,bitcoin-adoption-public-companies-2025,publish,https://coincu.com/bitcoin-adoption-public-companies-2025,0,0,0,0,draft_now,no_backlink_no_gsc_top1000_older_30d
348378,2025-07-13T07:04:14,web3-developer-malicious-tool-alert,publish,https://coincu.com/web3-developer-malicious-tool-alert,0,0,0,0,draft_now,no_backlink_no_gsc_top1000_older_30d
348375,2025-07-13T06:34:08,trump-tariff-eu-mexico,publish,https://coincu.com/trump-tariff-eu-mexico,0,0,0,0,draft_now,no_backlink_no_gsc_top1000_older_30d
348372,2025-07-13T06:03:35,trump-2025-tariff-crypto-impact,publish,https://coincu.com/trump-2025-tariff-crypto-impact,0,0,0,0,draft_now,no_backlink_no_gsc_top1000_older_30d
348369,2025-07-13T05:34:59,kenya-digital-token-launch-solana,publish,https://coincu.com/kenya-digital-token-launch-solana,0,0,0,0,draft_now,no_backlink_no_gsc_top1000_older_30d
348366,2025-07-13T05:04:04,federal-reserve-renovation-independence,publish,https://coincu.com/federal-reserve-renovation-independence,0,0,0,0,draft_now,no_backlink_no_gsc_top1000_older_30d
348363,2025-07-13T04:33:05,musk-trump-epstein-files-urge,publish,https://coincu.com/musk-trump-epstein-files-urge,0,0,0,0,draft_now,no_backlink_no_gsc_top1000_older_30d
348360,2025-07-13T04:32:14,cardano-summit-2025-berlin,publish,https://coincu.com/cardano-summit-2025-berlin,0,0,0,0,draft_now,no_backlink_no_gsc_top1000_older_30d
348358,2025-07-13T04:03:34,us-crypto-week-legislation-focus,publish,https://coincu.com/us-crypto-week-legislation-focus,0,0,0,0,draft_now,no_backlink_no_gsc_top1000_older_30d
348355,2025-07-13T04:02:29,builder-summit-web3-summit-2025,publish,https://coincu.com/builder-summit-web3-summit-2025,0,0,0,0,draft_now,no_backlink_no_gsc_top1000_older_30d
348353,2025-07-13T03:33:33,hong-kong-stablecoin-licenses-2025,publish,https://coincu.com/hong-kong-stablecoin-licenses-2025,0,0,0,0,draft_now,no_backlink_no_gsc_top1000_older_30d
348350,2025-07-13T03:32:14,kusama-zk-day-web3-summit-2025,publish,https://coincu.com/kusama-zk-day-web3-summit-2025,0,0,0,0,draft_now,no_backlink_no_gsc_top1000_older_30d
348348,2025-07-13T03:03:28,trump-powell-federal-reserve,publish,https://coincu.com/trump-powell-federal-reserve,0,0,0,0,draft_now,no_backlink_no_gsc_top1000_older_30d
348345,2025-07-13T03:02:24,web3-summit-2025,publish,https://coincu.com/web3-summit-2025,0,0,0,0,draft_now,no_backlink_no_gsc_top1000_older_30d
348343,2025-07-13T02:33:00,dv8-shifts-to-bitcoin-finance,publish,https://coincu.com/dv8-shifts-to-bitcoin-finance,0,0,0,0,draft_now,no_backlink_no_gsc_top1000_older_30d
348340,2025-07-13T02:03:00,eu-tariff-dispute-us-exports,publish,https://coincu.com/eu-tariff-dispute-us-exports,0,0,0,0,draft_now,no_backlink_no_gsc_top1000_older_30d
348337,2025-07-13T01:33:21,binance-alpha-peaq-airdrop,publish,https://coincu.com/binance-alpha-peaq-airdrop,0,0,0,0,draft_now,no_backlink_no_gsc_top1000_older_30d
348334,2025-07-13T01:04:12,eu-retaliation-us-tariffs-2025,publish,https://coincu.com/eu-retaliation-us-tariffs-2025,0,0,0,0,draft_now,no_backlink_no_gsc_top1000_older_30d
348331,2025-07-13T00:33:25,bybit-pump-token-sale-api-delays,publish,https://coincu.com/bybit-pump-token-sale-api-delays,0,0,0,0,draft_now,no_backlink_no_gsc_top1000_older_30d
348328,2025-07-13T00:03:08,james-wynn-deletes-x-account,publish,https://coincu.com/james-wynn-deletes-x-account,0,0,0,0,draft_now,no_backlink_no_gsc_top1000_older_30d
348325,2025-07-12T23:32:47,bybit-pump-token-sale-oversubscription,publish,https://coincu.com/bybit-pump-token-sale-oversubscription,0,0,0,0,draft_now,no_backlink_no_gsc_top1000_older_30d
348322,2025-07-12T23:03:28,binance-chainbase-launch-july-14,publish,https://coincu.com/binance-chainbase-launch-july-14,0,0,0,0,draft_now,no_backlink_no_gsc_top1000_older_30d
348319,2025-07-12T22:33:10,pump-fun-token-sale-news,publish,https://coincu.com/pump-fun-token-sale-news,0,0,0,0,draft_now,no_backlink_no_gsc_top1000_older_30d
348316,2025-07-12T22:04:01,zerohash-100m-funding-interactive-brokers,publish,https://coincu.com/zerohash-100m-funding-interactive-brokers,0,0,0,0,draft_now,no_backlink_no_gsc_top1000_older_30d
348313,2025-07-12T21:33:50,pump-fun-transfers-funds-token-admin,publish,https://coincu.com/pump-fun-transfers-funds-token-admin,0,0,0,0,draft_now,no_backlink_no_gsc_top1000_older_30d
348310,2025-07-12T21:03:25,whale-deposit-usdc-double-short,publish,https://coincu.com/whale-deposit-usdc-double-short,0,0,0,0,draft_now,no_backlink_no_gsc_top1000_older_30d
348303,2025-07-12T20:03:49,beijing-cryptocurrency-investment-warning,publish,https://coincu.com/beijing-cryptocurrency-investment-warning,0,0,0,0,draft_now,no_backlink_no_gsc_top1000_older_30d
348300,2025-07-12T19:33:42,trump-new-tariffs-mexico-eu-crypto-impact,publish,https://coincu.com/trump-new-tariffs-mexico-eu-crypto-impact,0,0,0,0,draft_now,no_backlink_no_gsc_top1000_older_30d
348297,2025-07-12T19:03:15,trump-pressure-federal-reserve-renovation,publish,https://coincu.com/trump-pressure-federal-reserve-renovation,0,0,0,0,draft_now,no_backlink_no_gsc_top1000_older_30d
348294,2025-07-12T18:33:40,bitcoin-etfs-record-inflow,publish,https://coincu.com/bitcoin-etfs-record-inflow,0,0,0,0,draft_now,no_backlink_no_gsc_top1000_older_30d
348291,2025-07-12T18:03:24,sharplink-10k-eth-purchase,publish,https://coincu.com/sharplink-10k-eth-purchase,0,0,0,0,draft_now,no_backlink_no_gsc_top1000_older_30d
348288,2025-07-12T17:33:44,france-opposes-us-tariffs-eu-response,publish,https://coincu.com/france-opposes-us-tariffs-eu-response,0,0,0,0,draft_now,no_backlink_no_gsc_top1000_older_30d
348285,2025-07-12T17:04:42,us-eu-tariff-announcement-august,publish,https://coincu.com/us-eu-tariff-announcement-august,0,0,0,0,draft_now,no_backlink_no_gsc_top1000_older_30d
348282,2025-07-12T16:34:15,binance-alpha-chainbase-airdrop,publish,https://coincu.com/binance-alpha-chainbase-airdrop,0,0,0,0,draft_now,no_backlink_no_gsc_top1000_older_30d
348279,2025-07-12T16:03:31,hafu-securities-secures-approval,publish,https://coincu.com/hafu-securities-secures-approval,0,0,0,0,draft_now,no_backlink_no_gsc_top1000_older_30d
348274,2025-07-12T15:33:23,pump-fun-token-sync-issue,publish,https://coincu.com/pump-fun-token-sync-issue,0,0,0,0,draft_now,no_backlink_no_gsc_top1000_older_30d
348271,2025-07-12T15:04:04,bitcoin-whale-deposit-binance-profit,publish,https://coincu.com/bitcoin-whale-deposit-binance-profit,0,0,0,0,draft_now,no_backlink_no_gsc_top1000_older_30d
348262,2025-07-12T14:33:33,pump-token-public-sale-success,publish,https://coincu.com/pump-token-public-sale-success,0,0,0,0,draft_now,no_backlink_no_gsc_top1000_older_30d
348259,2025-07-12T14:03:18,pump-fun-pump-token-sale-begins,publish,https://coincu.com/pump-fun-pump-token-sale-begins,0,0,0,0,draft_now,no_backlink_no_gsc_top1000_older_30d
348256,2025-07-12T13:33:21,peter-schiff-bitcoin-scarcity-debate,publish,https://coincu.com/peter-schiff-bitcoin-scarcity-debate,0,0,0,0,draft_now,no_backlink_no_gsc_top1000_older_30d
348253,2025-07-12T13:04:13,trump-tariffs-eu-mexico-crypto-impact,publish,https://coincu.com/trump-tariffs-eu-mexico-crypto-impact,0,0,0,0,draft_now,no_backlink_no_gsc_top1000_older_30d
348250,2025-07-12T12:33:16,fed-interest-rate-cuts-inflation,publish,https://coincu.com/fed-interest-rate-cuts-inflation,0,0,0,0,draft_now,no_backlink_no_gsc_top1000_older_30d
348247,2025-07-12T12:04:00,white-house-fed-pressure-renovation,publish,https://coincu.com/white-house-fed-pressure-renovation,0,0,0,0,draft_now,no_backlink_no_gsc_top1000_older_30d
348244,2025-07-12T11:33:33,us-house-begins-crypto-week-legislation,publish,https://coincu.com/us-house-begins-crypto-week-legislation,0,0,0,0,draft_now,no_backlink_no_gsc_top1000_older_30d
348241,2025-07-12T11:03:43,us-house-crypto-week-regulation,publish,https://coincu.com/us-house-crypto-week-regulation,0,0,0,0,draft_now,no_backlink_no_gsc_top1000_older_30d
348238,2025-07-12T10:33:29,bitcoin-small-holders-accumulation,publish,https://coincu.com/bitcoin-small-holders-accumulation,0,0,0,0,draft_now,no_backlink_no_gsc_top1000_older_30d
348235,2025-07-12T10:03:25,upexi-200m-financing-solana,publish,https://coincu.com/upexi-200m-financing-solana,0,0,0,0,draft_now,no_backlink_no_gsc_top1000_older_30d
348232,2025-07-12T09:33:48,pudgy-penguins-nft-sales-surge,publish,https://coincu.com/pudgy-penguins-nft-sales-surge,0,0,0,0,draft_now,no_backlink_no_gsc_top1000_older_30d
348229,2025-07-12T09:03:12,pumpfun-kolscan-acquisition-crypto,publish,https://coincu.com/pumpfun-kolscan-acquisition-crypto,0,0,0,0,draft_now,no_backlink_no_gsc_top1000_older_30d
348226,2025-07-12T08:33:55,inception-protocol-closure-eigenlayer,publish,https://coincu.com/inception-protocol-closure-eigenlayer,0,0,0,0,draft_now,no_backlink_no_gsc_top1000_older_30d
348223,2025-07-12T08:03:47,ethereum-arthapala-eth-deposit,publish,https://coincu.com/ethereum-arthapala-eth-deposit,0,0,0,0,draft_now,no_backlink_no_gsc_top1000_older_30d
348220,2025-07-12T07:33:55,binance-alpha-peaq-token-airdrop,publish,https://coincu.com/binance-alpha-peaq-token-airdrop,0,0,0,0,draft_now,no_backlink_no_gsc_top1000_older_30d
348217,2025-07-12T07:03:55,us-bitcoin-etf-inflows-market-surge,publish,https://coincu.com/us-bitcoin-etf-inflows-market-surge,0,0,0,0,draft_now,no_backlink_no_gsc_top1000_older_30d
348214,2025-07-12T06:33:01,binance-alpha-launches-chainbase-airdrop,publish,https://coincu.com/binance-alpha-launches-chainbase-airdrop,0,0,0,0,draft_now,no_backlink_no_gsc_top1000_older_30d
348211,2025-07-12T06:04:00,animoca-ddc-bitcoin-strategy,publish,https://coincu.com/animoca-ddc-bitcoin-strategy,0,0,0,0,draft_now,no_backlink_no_gsc_top1000_older_30d
348208,2025-07-12T05:33:27,interactive-brokers-zerohash-funding,publish,https://coincu.com/interactive-brokers-zerohash-funding,0,0,0,0,draft_now,no_backlink_no_gsc_top1000_older_30d
348205,2025-07-12T05:32:31,canadian-bitcoin-conference-2025,publish,https://coincu.com/canadian-bitcoin-conference-2025,0,0,0,0,draft_now,no_backlink_no_gsc_top1000_older_30d
348203,2025-07-12T05:04:35,whale-short-pump-token-hyperliquid,publish,https://coincu.com/whale-short-pump-token-hyperliquid,0,0,0,0,draft_now,no_backlink_no_gsc_top1000_older_30d
348200,2025-07-12T05:02:32,token2049-singapore-2025,publish,https://coincu.com/token2049-singapore-2025,0,0,0,0,draft_now,no_backlink_no_gsc_top1000_older_30d
348197,2025-07-12T04:33:01,linea-announces-july-token-generation,publish,https://coincu.com/linea-announces-july-token-generation,0,0,0,0,draft_now,no_backlink_no_gsc_top1000_older_30d
348194,2025-07-12T04:32:20,token2049-dubai-2026,publish,https://coincu.com/token2049-dubai-2026,0,0,0,0,draft_now,no_backlink_no_gsc_top1000_older_30d
348192,2025-07-12T04:03:09,musk-denies-xai-fundraising,publish,https://coincu.com/musk-denies-xai-fundraising,0,0,0,0,draft_now,no_backlink_no_gsc_top1000_older_30d
348189,2025-07-12T04:02:30,learning-bitcoin-2025,publish,https://coincu.com/learning-bitcoin-2025,0,0,0,0,draft_now,no_backlink_no_gsc_top1000_older_30d
348187,2025-07-12T03:32:33,global-blockchain-show-2025-abu-dhabi,publish,https://coincu.com/global-blockchain-show-2025-abu-dhabi,0,0,0,0,draft_now,no_backlink_no_gsc_top1000_older_30d
348185,2025-07-12T03:03:20,binance-alpha-chainbase-airdrop-launch-2,publish,https://coincu.com/binance-alpha-chainbase-airdrop-launch-2,0,0,0,0,draft_now,no_backlink_no_gsc_top1000_older_30d
348182,2025-07-12T03:02:35,unchained-summit-2025-dubai-autumn-edition,publish,https://coincu.com/unchained-summit-2025-dubai-autumn-edition,0,0,0,0,draft_now,no_backlink_no_gsc_top1000_older_30d
348180,2025-07-12T02:33:11,linea-project-token-generation-event,publish,https://coincu.com/linea-project-token-generation-event,0,0,0,0,draft_now,no_backlink_no_gsc_top1000_older_30d
348177,2025-07-12T02:04:20,hong-kong-approves-virtual-asset-trading,publish,https://coincu.com/hong-kong-approves-virtual-asset-trading,0,0,0,0,draft_now,no_backlink_no_gsc_top1000_older_30d
348174,2025-07-12T01:35:08,zerohash-100-million-funding-round,publish,https://coincu.com/zerohash-100-million-funding-round,0,0,0,0,draft_now,no_backlink_no_gsc_top1000_older_30d
348171,2025-07-12T01:04:02,whale-hyperliquid-unverified-short,publish,https://coincu.com/whale-hyperliquid-unverified-short,0,0,0,0,draft_now,no_backlink_no_gsc_top1000_older_30d
348168,2025-07-12T00:34:07,crypto-fear-greed-index-extreme-greed,publish,https://coincu.com/crypto-fear-greed-index-extreme-greed,0,0,0,0,draft_now,no_backlink_no_gsc_top1000_older_30d
348165,2025-07-12T00:03:57,ethereum-foundation-sells-10000-eth,publish,https://coincu.com/ethereum-foundation-sells-10000-eth,0,0,0,0,draft_now,no_backlink_no_gsc_top1000_older_30d
348162,2025-07-11T23:33:38,ftx-alameda-unstakes-solana,publish,https://coincu.com/ftx-alameda-unstakes-solana,0,0,0,0,draft_now,no_backlink_no_gsc_top1000_older_30d
348159,2025-07-11T23:03:52,sharplink-gaming-ethereum-purchase,publish,https://coincu.com/sharplink-gaming-ethereum-purchase,0,0,0,0,draft_now,no_backlink_no_gsc_top1000_older_30d
348156,2025-07-11T22:33:21,whales-invest-37m-usdc-hype,publish,https://coincu.com/whales-invest-37m-usdc-hype,0,0,0,0,draft_now,no_backlink_no_gsc_top1000_older_30d
348153,2025-07-11T22:04:27,binance-lists-promptale-ai-tale,publish,https://coincu.com/binance-lists-promptale-ai-tale,0,0,0,0,draft_now,no_backlink_no_gsc_top1000_older_30d
348150,2025-07-11T21:34:11,microcloud-hologram-crypto-investment,publish,https://coincu.com/microcloud-hologram-crypto-investment,0,0,0,0,draft_now,no_backlink_no_gsc_top1000_older_30d
348147,2025-07-11T21:03:57,coinbase-opyn-executives-acquisition,publish,https://coincu.com/coinbase-opyn-executives-acquisition,0,0,0,0,draft_now,no_backlink_no_gsc_top1000_older_30d
348101,2025-07-11T21:00:00,1234-bdags-0016-ends-soon-tron-builds-strength-pepe-weakens,publish,https://coincu.com/1234-bdags-0016-ends-soon-tron-builds-strength-pepe-weakens,0,0,0,0,draft_now,no_backlink_no_gsc_top1000_older_30d
348143,2025-07-11T20:33:43,ethereum-sharplink-eth-sale,publish,https://coincu.com/ethereum-sharplink-eth-sale,0,0,0,0,draft_now,no_backlink_no_gsc_top1000_older_30d
348140,2025-07-11T20:05:23,binance-alpha-chainbase-airdrop-launch,publish,https://coincu.com/binance-alpha-chainbase-airdrop-launch,0,0,0,0,draft_now,no_backlink_no_gsc_top1000_older_30d
348137,2025-07-11T19:34:15,coinbase-oregon-regulatory-lawsuit,publish,https://coincu.com/coinbase-oregon-regulatory-lawsuit,0,0,0,0,draft_now,no_backlink_no_gsc_top1000_older_30d
348134,2025-07-11T19:03:57,tether-drops-usdt-support-blockchains,publish,https://coincu.com/tether-drops-usdt-support-blockchains,0,0,0,0,draft_now,no_backlink_no_gsc_top1000_older_30d
348131,2025-07-11T18:34:31,bitcoin-long-term-holders-caution,publish,https://coincu.com/bitcoin-long-term-holders-caution,0,0,0,0,draft_now,no_backlink_no_gsc_top1000_older_30d
348128,2025-07-11T18:04:38,bitcoin-highs-hayes-altcoin-season,publish,https://coincu.com/bitcoin-highs-hayes-altcoin-season,0,0,0,0,draft_now,no_backlink_no_gsc_top1000_older_30d
348125,2025-07-11T17:33:37,giants-protocol-binance-alpha-airdrop,publish,https://coincu.com/giants-protocol-binance-alpha-airdrop,0,0,0,0,draft_now,no_backlink_no_gsc_top1000_older_30d
348122,2025-07-11T17:04:32,binance-trump-stablecoin-dispute,publish,https://coincu.com/binance-trump-stablecoin-dispute,0,0,0,0,draft_now,no_backlink_no_gsc_top1000_older_30d
348119,2025-07-11T16:34:15,bitcoin-momentum-crypto-market-divergence,publish,https://coincu.com/bitcoin-momentum-crypto-market-divergence,0,0,0,0,draft_now,no_backlink_no_gsc_top1000_older_30d
348115,2025-07-11T16:13:28,multibank-group-confirms-mbg-token-tge-set-for-july-22-2025,publish,https://coincu.com/multibank-group-confirms-mbg-token-tge-set-for-july-22-2025,0,0,0,0,draft_now,no_backlink_no_gsc_top1000_older_30d
348106,2025-07-11T16:04:19,bhutan-bitcoin-binance-transfer,publish,https://coincu.com/bhutan-bitcoin-binance-transfer,0,0,0,0,draft_now,no_backlink_no_gsc_top1000_older_30d
348097,2025-07-11T15:35:17,upexi-solana-securities-purchase-2025,publish,https://coincu.com/upexi-solana-securities-purchase-2025,0,0,0,0,draft_now,no_backlink_no_gsc_top1000_older_30d
348094,2025-07-11T15:05:24,anti-corruption-week-crypto-legislation,publish,https://coincu.com/anti-corruption-week-crypto-legislation,0,0,0,0,draft_now,no_backlink_no_gsc_top1000_older_30d
348090,2025-07-11T14:34:11,trump-powell-federal-reserve-chair,publish,https://coincu.com/trump-powell-federal-reserve-chair,0,0,0,0,draft_now,no_backlink_no_gsc_top1000_older_30d
348087,2025-07-11T14:05:01,blackrock-bitcoin-trust-reaches-83-billion,publish,https://coincu.com/blackrock-bitcoin-trust-reaches-83-billion,0,0,0,0,draft_now,no_backlink_no_gsc_top1000_older_30d
348080,2025-07-11T13:04:58,falcon-finance-launches-miles-program-to-reward-defi-users-of-the-synthetic-dollar-economy,publish,https://coincu.com/falcon-finance-launches-miles-program-to-reward-defi-users-of-the-synthetic-dollar-economy,0,0,0,0,draft_now,no_backlink_no_gsc_top1000_older_30d
348077,2025-07-11T13:04:17,grayscale-challenges-sec-etf-conversion,publish,https://coincu.com/grayscale-challenges-sec-etf-conversion,0,0,0,0,draft_now,no_backlink_no_gsc_top1000_older_30d
348073,2025-07-11T13:02:18,blocksquare-surpasses-200-million-in-tokenized-real-estate-as-global-rwa-market-booms,publish,https://coincu.com/blocksquare-surpasses-200-million-in-tokenized-real-estate-as-global-rwa-market-booms,0,0,0,0,draft_now,no_backlink_no_gsc_top1000_older_30d
348070,2025-07-11T12:34:14,microcloud-bitcoin-crypto-investment,publish,https://coincu.com/microcloud-bitcoin-crypto-investment,0,0,0,0,draft_now,no_backlink_no_gsc_top1000_older_30d
348067,2025-07-11T12:04:19,dongfang-caifu-virtual-asset-license,publish,https://coincu.com/dongfang-caifu-virtual-asset-license,0,0,0,0,draft_now,no_backlink_no_gsc_top1000_older_30d
348064,2025-07-11T11:34:04,hafu-securities-sfc-approval-2024,publish,https://coincu.com/hafu-securities-sfc-approval-2024,0,0,0,0,draft_now,no_backlink_no_gsc_top1000_older_30d
348056,2025-07-11T11:29:35,cardano-to-see-a-stronger-rally-than-xrp-and-solana-but-the-biggest-boom-in-2025-might-come-from-this-crypto-under-0-002,publish,https://coincu.com/cardano-to-see-a-stronger-rally-than-xrp-and-solana-but-the-biggest-boom-in-2025-might-come-from-this-crypto-under-0-002,0,0,0,0,draft_now,no_backlink_no_gsc_top1000_older_30d
348055,2025-07-11T11:04:31,soon-foundation-token-destruction-proposal,publish,https://coincu.com/soon-foundation-token-destruction-proposal,0,0,0,0,draft_now,no_backlink_no_gsc_top1000_older_30d
348052,2025-07-11T10:33:41,gmx-hacker-returns-nine-million,publish,https://coincu.com/gmx-hacker-returns-nine-million,0,0,0,0,draft_now,no_backlink_no_gsc_top1000_older_30d
348043,2025-07-11T10:04:08,bitcoin-surpasses-amazon-market-cap,publish,https://coincu.com/bitcoin-surpasses-amazon-market-cap,0,0,0,0,draft_now,no_backlink_no_gsc_top1000_older_30d
348040,2025-07-11T09:33:36,altcoin-season-index-bitcoin-high,publish,https://coincu.com/altcoin-season-index-bitcoin-high,0,0,0,0,draft_now,no_backlink_no_gsc_top1000_older_30d
348037,2025-07-11T09:04:20,pakistan-digital-currency-crypto-regulations,publish,https://coincu.com/pakistan-digital-currency-crypto-regulations,0,0,0,0,draft_now,no_backlink_no_gsc_top1000_older_30d
348030,2025-07-11T08:36:33,gmx-hacker-returns-5-million-frax,publish,https://coincu.com/gmx-hacker-returns-5-million-frax,0,0,0,0,draft_now,no_backlink_no_gsc_top1000_older_30d
348027,2025-07-11T08:03:56,robinhood-eth-sol-staking-us,publish,https://coincu.com/robinhood-eth-sol-staking-us,0,0,0,0,draft_now,no_backlink_no_gsc_top1000_older_30d
348013,2025-07-11T07:10:57,bitcoin-events-announces-two-premier-crypto-events-in-south-africa-blockchain-africa-conference-2025-and-crypto-fest-2025,publish,https://coincu.com/bitcoin-events-announces-two-premier-crypto-events-in-south-africa-blockchain-africa-conference-2025-and-crypto-fest-2025,0,0,0,0,draft_now,no_backlink_no_gsc_top1000_older_30d
348016,2025-07-11T07:03:29,pumpfun-acquires-kolscan-trump-tariff,publish,https://coincu.com/pumpfun-acquires-kolscan-trump-tariff,0,0,0,0,draft_now,no_backlink_no_gsc_top1000_older_30d
348012,2025-07-11T06:34:27,caldera-launches-era-token-governance,publish,https://coincu.com/caldera-launches-era-token-governance,0,0,0,0,draft_now,no_backlink_no_gsc_top1000_older_30d
348009,2025-07-11T06:04:02,crypto-market-1-24-billion-liquidation,publish,https://coincu.com/crypto-market-1-24-billion-liquidation,0,0,0,0,draft_now,no_backlink_no_gsc_top1000_older_30d
348005,2025-07-11T05:33:09,shanghai-crypto-strategy-boosts-a-share-stocks,publish,https://coincu.com/shanghai-crypto-strategy-boosts-a-share-stocks,0,0,0,0,draft_now,no_backlink_no_gsc_top1000_older_30d
348002,2025-07-11T05:03:57,harmonic-raises-100-million-ai,publish,https://coincu.com/harmonic-raises-100-million-ai,0,0,0,0,draft_now,no_backlink_no_gsc_top1000_older_30d
347996,2025-07-11T04:03:45,large-usdc-influx-hyperliquid,publish,https://coincu.com/large-usdc-influx-hyperliquid,0,0,0,0,draft_now,no_backlink_no_gsc_top1000_older_30d
347986,2025-07-11T04:00:00,dogecoin-price-prediction-why-doge-can-still-outperform-ethereum-in-this-bull-cycle,publish,https://coincu.com/dogecoin-price-prediction-why-doge-can-still-outperform-ethereum-in-this-bull-cycle,0,0,0,0,draft_now,no_backlink_no_gsc_top1000_older_30d
347993,2025-07-11T03:33:55,germany-issues-blockchain-bond,publish,https://coincu.com/germany-issues-blockchain-bond,0,0,0,0,draft_now,no_backlink_no_gsc_top1000_older_30d
347981,2025-07-11T03:03:37,trump-signing-genius-act-stablecoins,publish,https://coincu.com/trump-signing-genius-act-stablecoins,0,0,0,0,draft_now,no_backlink_no_gsc_top1000_older_30d
347978,2025-07-11T03:02:32,btc-prague-2026,publish,https://coincu.com/btc-prague-2026,0,0,0,0,draft_now,no_backlink_no_gsc_top1000_older_30d
347982,2025-07-11T03:00:00,solana-price-prediction-2025-could-be-the-year-sol-becomes-the-2-crypto,publish,https://coincu.com/solana-price-prediction-2025-could-be-the-year-sol-becomes-the-2-crypto,0,0,0,0,draft_now,no_backlink_no_gsc_top1000_older_30d
347975,2025-07-11T02:33:37,federal-reserve-musalem-stablecoins-payments,publish,https://coincu.com/federal-reserve-musalem-stablecoins-payments,0,0,0,0,draft_now,no_backlink_no_gsc_top1000_older_30d
347972,2025-07-11T02:05:25,jonathan-gould-comptroller-currency,publish,https://coincu.com/jonathan-gould-comptroller-currency,0,0,0,0,draft_now,no_backlink_no_gsc_top1000_older_30d
347969,2025-07-11T01:34:03,robinhood-eth-sol-staking-launch,publish,https://coincu.com/robinhood-eth-sol-staking-launch,0,0,0,0,draft_now,no_backlink_no_gsc_top1000_older_30d
347966,2025-07-11T01:03:22,trump-new-tariffs-market-impact,publish,https://coincu.com/trump-new-tariffs-market-impact,0,0,0,0,draft_now,no_backlink_no_gsc_top1000_older_30d
347963,2025-07-11T00:33:36,trump-canada-tariff-doubt,publish,https://coincu.com/trump-canada-tariff-doubt,0,0,0,0,draft_now,no_backlink_no_gsc_top1000_older_30d
347960,2025-07-11T00:04:18,rex-shares-tron-etf-filing,publish,https://coincu.com/rex-shares-tron-etf-filing,0,0,0,0,draft_now,no_backlink_no_gsc_top1000_older_30d
347957,2025-07-10T23:33:33,gould-confirmed-occ-comptroller,publish,https://coincu.com/gould-confirmed-occ-comptroller,0,0,0,0,draft_now,no_backlink_no_gsc_top1000_older_30d
347954,2025-07-10T23:03:31,binance-supports-loka-swap-arena-z,publish,https://coincu.com/binance-supports-loka-swap-arena-z,0,0,0,0,draft_now,no_backlink_no_gsc_top1000_older_30d
347951,2025-07-10T22:33:52,agora-50m-series-a-stablecoin,publish,https://coincu.com/agora-50m-series-a-stablecoin,0,0,0,0,draft_now,no_backlink_no_gsc_top1000_older_30d
347948,2025-07-10T22:04:44,chaincatcher-ai-crypto-2025-discussion,publish,https://coincu.com/chaincatcher-ai-crypto-2025-discussion,0,0,0,0,draft_now,no_backlink_no_gsc_top1000_older_30d
347944,2025-07-10T20:35:27,binance-alpha-bnb-smart-chain-trading,publish,https://coincu.com/binance-alpha-bnb-smart-chain-trading,0,0,0,0,draft_now,no_backlink_no_gsc_top1000_older_30d
347941,2025-07-10T20:03:43,bit-mining-solana-investment,publish,https://coincu.com/bit-mining-solana-investment,0,0,0,0,draft_now,no_backlink_no_gsc_top1000_older_30d
347932,2025-07-10T19:03:20,ant-group-usdc-integration,publish,https://coincu.com/ant-group-usdc-integration,0,0,0,0,draft_now,no_backlink_no_gsc_top1000_older_30d
347929,2025-07-10T18:34:31,us-crypto-hearings-delay,publish,https://coincu.com/us-crypto-hearings-delay,0,0,0,0,draft_now,no_backlink_no_gsc_top1000_older_30d
347926,2025-07-10T18:03:38,federal-reserve-stablecoin-regulation-remarks,publish,https://coincu.com/federal-reserve-stablecoin-regulation-remarks,0,0,0,0,draft_now,no_backlink_no_gsc_top1000_older_30d
347923,2025-07-10T17:33:56,aguilatrades-20x-leverage-bitcoin,publish,https://coincu.com/aguilatrades-20x-leverage-bitcoin,0,0,0,0,draft_now,no_backlink_no_gsc_top1000_older_30d
347920,2025-07-10T17:03:54,cookie-dao-staking-burn-snaps,publish,https://coincu.com/cookie-dao-staking-burn-snaps,0,0,0,0,draft_now,no_backlink_no_gsc_top1000_older_30d
347917,2025-07-10T16:34:32,shanghai-sasac-blockchain-strategy,publish,https://coincu.com/shanghai-sasac-blockchain-strategy,0,0,0,0,draft_now,no_backlink_no_gsc_top1000_older_30d
347911,2025-07-10T16:33:04,coinbase-partners-with-perplexity-ai-to-deliver,publish,https://coincu.com/coinbase-partners-with-perplexity-ai-to-deliver,0,0,0,0,draft_now,no_backlink_no_gsc_top1000_older_30d
347909,2025-07-10T16:04:46,treasury-crypto-exchange-regulations-revoked,publish,https://coincu.com/treasury-crypto-exchange-regulations-revoked,0,0,0,0,draft_now,no_backlink_no_gsc_top1000_older_30d
347905,2025-07-10T15:39:05,bybit-eu-building-trust-in-a-regulated-european-crypto-future,publish,https://coincu.com/bybit-eu-building-trust-in-a-regulated-european-crypto-future,0,0,0,0,draft_now,no_backlink_no_gsc_top1000_older_30d
347901,2025-07-10T15:33:45,fed-stablecoin-regulation-framework,publish,https://coincu.com/fed-stablecoin-regulation-framework,0,0,0,0,draft_now,no_backlink_no_gsc_top1000_older_30d
347898,2025-07-10T15:03:56,fed-mester-warns-us-fiscal-deficit,publish,https://coincu.com/fed-mester-warns-us-fiscal-deficit,0,0,0,0,draft_now,no_backlink_no_gsc_top1000_older_30d
347894,2025-07-10T14:48:02,mbg-token-pre-sale-set-for-july-15-only-7-million-tokens-available-at-0-35,publish,https://coincu.com/mbg-token-pre-sale-set-for-july-15-only-7-million-tokens-available-at-0-35,0,0,0,0,draft_now,no_backlink_no_gsc_top1000_older_30d
347891,2025-07-10T14:33:44,economic-outlook-mester-inflation-risks,publish,https://coincu.com/economic-outlook-mester-inflation-risks,0,0,0,0,draft_now,no_backlink_no_gsc_top1000_older_30d
347888,2025-07-10T14:04:48,binance-launch-crossusdt-ainusdt-contracts,publish,https://coincu.com/binance-launch-crossusdt-ainusdt-contracts,0,0,0,0,draft_now,no_backlink_no_gsc_top1000_older_30d
347875,2025-07-10T13:46:14,snoop-dogg-makes-12m-in-30-min-on-telegram-nfts,publish,https://coincu.com/snoop-dogg-makes-12m-in-30-min-on-telegram-nfts,0,0,0,0,draft_now,no_backlink_no_gsc_top1000_older_30d
347878,2025-07-10T13:33:50,animoca-ddc-bitcoin-partnership,publish,https://coincu.com/animoca-ddc-bitcoin-partnership,0,0,0,0,draft_now,no_backlink_no_gsc_top1000_older_30d
347872,2025-07-10T13:04:36,xpayra-expansion-socialfi-attention,publish,https://coincu.com/xpayra-expansion-socialfi-attention,0,0,0,0,draft_now,no_backlink_no_gsc_top1000_older_30d
347869,2025-07-10T12:34:25,agora-secures-funding-for-ausd,publish,https://coincu.com/agora-secures-funding-for-ausd,0,0,0,0,draft_now,no_backlink_no_gsc_top1000_older_30d
347866,2025-07-10T12:00:31,ghana-crypto-registration-deadline,publish,https://coincu.com/ghana-crypto-registration-deadline,0,0,0,0,draft_now,no_backlink_no_gsc_top1000_older_30d
347863,2025-07-10T11:31:43,rumble-moonpay-crypto-wallet-launch,publish,https://coincu.com/rumble-moonpay-crypto-wallet-launch,0,0,0,0,draft_now,no_backlink_no_gsc_top1000_older_30d
347860,2025-07-10T11:00:47,bitget-wallet-chainscan-launch,publish,https://coincu.com/bitget-wallet-chainscan-launch,0,0,0,0,draft_now,no_backlink_no_gsc_top1000_older_30d
347853,2025-07-10T10:30:34,andreessen-horowitz-relocates-to-nevada,publish,https://coincu.com/andreessen-horowitz-relocates-to-nevada,0,0,0,0,draft_now,no_backlink_no_gsc_top1000_older_30d
347850,2025-07-10T09:59:57,bitcoin-balance-sheet-claims-2025,publish,https://coincu.com/bitcoin-balance-sheet-claims-2025,0,0,0,0,draft_now,no_backlink_no_gsc_top1000_older_30d
347846,2025-07-10T09:31:42,hong-kong-stocks-stablecoin-surge,publish,https://coincu.com/hong-kong-stocks-stablecoin-surge,0,0,0,0,draft_now,no_backlink_no_gsc_top1000_older_30d
347843,2025-07-10T09:00:23,non-usd-stablecoins-regulatory-changes,publish,https://coincu.com/non-usd-stablecoins-regulatory-changes,0,0,0,0,draft_now,no_backlink_no_gsc_top1000_older_30d
347840,2025-07-10T08:30:44,ant-group-usdc-integration-plan,publish,https://coincu.com/ant-group-usdc-integration-plan,0,0,0,0,draft_now,no_backlink_no_gsc_top1000_older_30d
347837,2025-07-10T07:59:55,trump-copper-tariff-2025,publish,https://coincu.com/trump-copper-tariff-2025,0,0,0,0,draft_now,no_backlink_no_gsc_top1000_older_30d
347834,2025-07-10T07:29:52,trump-tariff-brazil-imports,publish,https://coincu.com/trump-tariff-brazil-imports,0,0,0,0,draft_now,no_backlink_no_gsc_top1000_older_30d
347831,2025-07-10T07:00:39,solana-launchpad-market-share-shift,publish,https://coincu.com/solana-launchpad-market-share-shift,0,0,0,0,draft_now,no_backlink_no_gsc_top1000_older_30d
347826,2025-07-10T06:45:26,mexc-dex-super-fest-season-5-launches-with-a-200000-usdt-prize-pool,publish,https://coincu.com/mexc-dex-super-fest-season-5-launches-with-a-200000-usdt-prize-pool,0,0,0,0,draft_now,no_backlink_no_gsc_top1000_older_30d
347825,2025-07-10T06:00:23,gmx-exploit-causes-42m-theft,publish,https://coincu.com/gmx-exploit-causes-42m-theft,0,0,0,0,draft_now,no_backlink_no_gsc_top1000_older_30d
347822,2025-07-10T05:30:03,bhutan-bitcoin-binance-deposits,publish,https://coincu.com/bhutan-bitcoin-binance-deposits,0,0,0,0,draft_now,no_backlink_no_gsc_top1000_older_30d
347819,2025-07-10T05:00:16,truth-social-utility-token-initative,publish,https://coincu.com/truth-social-utility-token-initative,0,0,0,0,draft_now,no_backlink_no_gsc_top1000_older_30d
347816,2025-07-10T04:30:22,truth-social-loyalty-token-plan,publish,https://coincu.com/truth-social-loyalty-token-plan,0,0,0,0,draft_now,no_backlink_no_gsc_top1000_older_30d
347812,2025-07-10T04:15:17,novaex-launches-with-a-security-first-crypto-trading-platform-offering-deep-liquidity-and-institutional-grade-infrastructure,publish,https://coincu.com/novaex-launches-with-a-security-first-crypto-trading-platform-offering-deep-liquidity-and-institutional-grade-infrastructure,0,0,0,0,draft_now,no_backlink_no_gsc_top1000_older_30d
347808,2025-07-10T04:01:04,snoop-dogg-nft-telegram-sales,publish,https://coincu.com/snoop-dogg-nft-telegram-sales,0,0,0,0,draft_now,no_backlink_no_gsc_top1000_older_30d
347805,2025-07-10T03:32:28,scottish-bitcoin-conference-2025,publish,https://coincu.com/scottish-bitcoin-conference-2025,0,0,0,0,draft_now,no_backlink_no_gsc_top1000_older_30d
347803,2025-07-10T03:31:53,uk-bank-ziglu-administration-crypto,publish,https://coincu.com/uk-bank-ziglu-administration-crypto,0,0,0,0,draft_now,no_backlink_no_gsc_top1000_older_30d
347800,2025-07-10T03:02:19,suriname-decentralized-conference-2025,publish,https://coincu.com/suriname-decentralized-conference-2025,0,0,0,0,draft_now,no_backlink_no_gsc_top1000_older_30d
347798,2025-07-10T03:01:21,a16z-relocates-nevada-legal-concerns,publish,https://coincu.com/a16z-relocates-nevada-legal-concerns,0,0,0,0,draft_now,no_backlink_no_gsc_top1000_older_30d
347795,2025-07-10T02:30:42,ziglu-special-management-fca-intervention,publish,https://coincu.com/ziglu-special-management-fca-intervention,0,0,0,0,draft_now,no_backlink_no_gsc_top1000_older_30d
347792,2025-07-10T02:01:47,federal-reserve-tariff-rate-debate,publish,https://coincu.com/federal-reserve-tariff-rate-debate,0,0,0,0,draft_now,no_backlink_no_gsc_top1000_older_30d
347789,2025-07-10T01:29:22,bnb-treasury-company-launch-us,publish,https://coincu.com/bnb-treasury-company-launch-us,0,0,0,0,draft_now,no_backlink_no_gsc_top1000_older_30d
347786,2025-07-10T01:00:01,trump-copper-tariff-us-imports,publish,https://coincu.com/trump-copper-tariff-us-imports,0,0,0,0,draft_now,no_backlink_no_gsc_top1000_older_30d
347783,2025-07-10T00:26:23,us-brazil-tariff-tensions,publish,https://coincu.com/us-brazil-tariff-tensions,0,0,0,0,draft_now,no_backlink_no_gsc_top1000_older_30d
347777,2025-07-09T23:26:01,trump-new-tariffs-august,publish,https://coincu.com/trump-new-tariffs-august,0,0,0,0,draft_now,no_backlink_no_gsc_top1000_older_30d
347774,2025-07-09T22:56:04,bitget-xstock-tokenized-equities-trading,publish,https://coincu.com/bitget-xstock-tokenized-equities-trading,0,0,0,0,draft_now,no_backlink_no_gsc_top1000_older_30d
347771,2025-07-09T22:25:26,sec-tokenized-securities-guidelines,publish,https://coincu.com/sec-tokenized-securities-guidelines,0,0,0,0,draft_now,no_backlink_no_gsc_top1000_older_30d
347768,2025-07-09T21:56:17,us-tariffs-impact-global-trade,publish,https://coincu.com/us-tariffs-impact-global-trade,0,0,0,0,draft_now,no_backlink_no_gsc_top1000_older_30d
347765,2025-07-09T21:27:04,kraken-backed-tokenized-stocks-bnb-chain,publish,https://coincu.com/kraken-backed-tokenized-stocks-bnb-chain,0,0,0,0,draft_now,no_backlink_no_gsc_top1000_older_30d
347761,2025-07-09T20:55:40,us-tariff-brazil-crypto-impact,publish,https://coincu.com/us-tariff-brazil-crypto-impact,0,0,0,0,draft_now,no_backlink_no_gsc_top1000_older_30d
347758,2025-07-09T20:28:24,justin-sun-invests-trumpmeme,publish,https://coincu.com/justin-sun-invests-trumpmeme,0,0,0,0,draft_now,no_backlink_no_gsc_top1000_older_30d
347755,2025-07-09T19:56:21,fed-rate-cut-crypto-markets-influence,publish,https://coincu.com/fed-rate-cut-crypto-markets-influence,0,0,0,0,draft_now,no_backlink_no_gsc_top1000_older_30d
347752,2025-07-09T19:25:44,sec-bitwise-bitcoin-ether-etf,publish,https://coincu.com/sec-bitwise-bitcoin-ether-etf,0,0,0,0,draft_now,no_backlink_no_gsc_top1000_older_30d
347749,2025-07-09T18:56:14,federal-reserve-june-minutes-inflation-focus,publish,https://coincu.com/federal-reserve-june-minutes-inflation-focus,0,0,0,0,draft_now,no_backlink_no_gsc_top1000_older_30d
347746,2025-07-09T18:33:46,federal-reserve-interest-rate-cut,publish,https://coincu.com/federal-reserve-interest-rate-cut,0,0,0,0,draft_now,no_backlink_no_gsc_top1000_older_30d
347743,2025-07-09T18:10:04,trump-new-tariffs-impact-crypto-2,publish,https://coincu.com/trump-new-tariffs-impact-crypto-2,0,0,0,0,draft_now,no_backlink_no_gsc_top1000_older_30d
347739,2025-07-09T17:55:22,0g-labs-sponsors-ethglobal-cannes-hackathon-and-supports-275k-prize-pool,publish,https://coincu.com/0g-labs-sponsors-ethglobal-cannes-hackathon-and-supports-275k-prize-pool,0,0,0,0,draft_now,no_backlink_no_gsc_top1000_older_30d
347735,2025-07-09T16:57:11,zkscape-transactions-thwarted,publish,https://coincu.com/zkscape-transactions-thwarted,0,0,0,0,draft_now,no_backlink_no_gsc_top1000_older_30d
347733,2025-07-09T16:57:05,threshold-networks-tbtc-is-now-live-on-sui-ushering-in-a-new-era-for-bitcoin-defi,publish,https://coincu.com/threshold-networks-tbtc-is-now-live-on-sui-ushering-in-a-new-era-for-bitcoin-defi,0,0,0,0,draft_now,no_backlink_no_gsc_top1000_older_30d
347724,2025-07-09T16:27:09,linqto-cofounder-lawsuit-regulations,publish,https://coincu.com/linqto-cofounder-lawsuit-regulations,0,0,0,0,draft_now,no_backlink_no_gsc_top1000_older_30d
347721,2025-07-09T15:56:41,cryptocurrency-markets-unscathed-trump-tariffs,publish,https://coincu.com/cryptocurrency-markets-unscathed-trump-tariffs,0,0,0,0,draft_now,no_backlink_no_gsc_top1000_older_30d
347718,2025-07-09T15:25:49,binance-lists-tanssi-network-airdrop,publish,https://coincu.com/binance-lists-tanssi-network-airdrop,0,0,0,0,draft_now,no_backlink_no_gsc_top1000_older_30d
347714,2025-07-09T14:36:59,multibank-group-announces-early-access-waitlist-for-pioneering-mbg-token,publish,https://coincu.com/multibank-group-announces-early-access-waitlist-for-pioneering-mbg-token,0,0,0,0,draft_now,no_backlink_no_gsc_top1000_older_30d
347707,2025-07-09T14:34:21,mexc-launchpad-debuts-pump-token-with-exclusive-40-discount-for-new-users,publish,https://coincu.com/mexc-launchpad-debuts-pump-token-with-exclusive-40-discount-for-new-users,0,0,0,0,draft_now,no_backlink_no_gsc_top1000_older_30d
347706,2025-07-09T14:26:06,trump-calls-lower-fed-rates,publish,https://coincu.com/trump-calls-lower-fed-rates,0,0,0,0,draft_now,no_backlink_no_gsc_top1000_older_30d
347698,2025-07-09T14:06:23,nexbridge-and-nexplace-raise-8m-series-a-to-launch-integrated-bitcoin-capital-markets-ecosystem,publish,https://coincu.com/nexbridge-and-nexplace-raise-8m-series-a-to-launch-integrated-bitcoin-capital-markets-ecosystem,0,0,0,0,draft_now,no_backlink_no_gsc_top1000_older_30d
347687,2025-07-09T14:05:41,emirates-to-accept-bitcoin-and-crypto-payments,publish,https://coincu.com/emirates-to-accept-bitcoin-and-crypto-payments,0,0,0,0,draft_now,no_backlink_no_gsc_top1000_older_30d
347691,2025-07-09T13:56:26,nvidia-4-trillion-market-value,publish,https://coincu.com/nvidia-4-trillion-market-value,0,0,0,0,draft_now,no_backlink_no_gsc_top1000_older_30d
347686,2025-07-09T13:26:45,trump-tariff-rate-focus,publish,https://coincu.com/trump-tariff-rate-focus,0,0,0,0,draft_now,no_backlink_no_gsc_top1000_older_30d
347678,2025-07-09T13:13:11,binance-ceo-issues-urgent-crypto-security-alert,publish,https://coincu.com/binance-ceo-issues-urgent-crypto-security-alert,0,0,0,0,draft_now,no_backlink_no_gsc_top1000_older_30d
347677,2025-07-09T12:56:48,ripple-bny-mellon-stablecoin-custody,publish,https://coincu.com/ripple-bny-mellon-stablecoin-custody,0,0,0,0,draft_now,no_backlink_no_gsc_top1000_older_30d
347674,2025-07-09T12:26:38,bitget-xstock-tokenized-equities-launch,publish,https://coincu.com/bitget-xstock-tokenized-equities-launch,0,0,0,0,draft_now,no_backlink_no_gsc_top1000_older_30d
347671,2025-07-09T11:56:32,fed-rate-cut-crypto-market,publish,https://coincu.com/fed-rate-cut-crypto-market,0,0,0,0,draft_now,no_backlink_no_gsc_top1000_older_30d
347668,2025-07-09T11:26:30,tanssi-network-mainnet-launch,publish,https://coincu.com/tanssi-network-mainnet-launch,0,0,0,0,draft_now,no_backlink_no_gsc_top1000_older_30d
347664,2025-07-09T11:25:09,bybit-unveils-bold-new-brand-identity-with-imakeit-campaign-ushering-in-a-new-era-for-70m-global-users,publish,https://coincu.com/bybit-unveils-bold-new-brand-identity-with-imakeit-campaign-ushering-in-a-new-era-for-70m-global-users,0,0,0,0,draft_now,no_backlink_no_gsc_top1000_older_30d
347656,2025-07-09T11:16:49,solana-price-prediction-sol-to-break-220-in-july-as-new-viral-coin-under-0-002-gears-up-for-sharp-7200-rise,publish,https://coincu.com/solana-price-prediction-sol-to-break-220-in-july-as-new-viral-coin-under-0-002-gears-up-for-sharp-7200-rise,0,0,0,0,draft_now,no_backlink_no_gsc_top1000_older_30d
347655,2025-07-09T10:55:39,mt-gox-bitcoin-phishing-scam,publish,https://coincu.com/mt-gox-bitcoin-phishing-scam,0,0,0,0,draft_now,no_backlink_no_gsc_top1000_older_30d
347652,2025-07-09T10:26:43,bitwise-real-world-asset-tokenization,publish,https://coincu.com/bitwise-real-world-asset-tokenization,0,0,0,0,draft_now,no_backlink_no_gsc_top1000_older_30d
347638,2025-07-09T10:00:00,mexc-june-token-listings-deliver-up-to-9100-returns-launchpad-projects-surge,publish,https://coincu.com/mexc-june-token-listings-deliver-up-to-9100-returns-launchpad-projects-surge,0,0,0,0,draft_now,no_backlink_no_gsc_top1000_older_30d
347649,2025-07-09T09:56:04,circle-okx-usdc-partnership,publish,https://coincu.com/circle-okx-usdc-partnership,0,0,0,0,draft_now,no_backlink_no_gsc_top1000_older_30d
347646,2025-07-09T08:55:59,bitcoin-rhodl-ratio-market-shift,publish,https://coincu.com/bitcoin-rhodl-ratio-market-shift,0,0,0,0,draft_now,no_backlink_no_gsc_top1000_older_30d
347637,2025-07-09T08:27:45,beijing-stablecoin-warning-illegal,publish,https://coincu.com/beijing-stablecoin-warning-illegal,0,0,0,0,draft_now,no_backlink_no_gsc_top1000_older_30d
347634,2025-07-09T07:55:54,mac-house-2025-bitcoin-investment,publish,https://coincu.com/mac-house-2025-bitcoin-investment,0,0,0,0,draft_now,no_backlink_no_gsc_top1000_older_30d
347631,2025-07-09T07:26:04,blockchain-group-us-otcid-listing,publish,https://coincu.com/blockchain-group-us-otcid-listing,0,0,0,0,draft_now,no_backlink_no_gsc_top1000_older_30d
347628,2025-07-09T06:56:23,h100-group-expands-bitcoin-reserve,publish,https://coincu.com/h100-group-expands-bitcoin-reserve,0,0,0,0,draft_now,no_backlink_no_gsc_top1000_older_30d
347625,2025-07-09T06:26:27,new-zealand-ban-crypto-atms,publish,https://coincu.com/new-zealand-ban-crypto-atms,0,0,0,0,draft_now,no_backlink_no_gsc_top1000_older_30d
347622,2025-07-09T05:56:18,new-zealand-bans-crypto-atms,publish,https://coincu.com/new-zealand-bans-crypto-atms,0,0,0,0,draft_now,no_backlink_no_gsc_top1000_older_30d
347618,2025-07-09T05:26:04,south-korea-supports-crypto-firms,publish,https://coincu.com/south-korea-supports-crypto-firms,0,0,0,0,draft_now,no_backlink_no_gsc_top1000_older_30d
347615,2025-07-09T04:55:34,federal-reserve-rate-cuts-inflation,publish,https://coincu.com/federal-reserve-rate-cuts-inflation,0,0,0,0,draft_now,no_backlink_no_gsc_top1000_older_30d
347612,2025-07-09T04:26:18,us-embraces-crypto-with-clarity-act,publish,https://coincu.com/us-embraces-crypto-with-clarity-act,0,0,0,0,draft_now,no_backlink_no_gsc_top1000_older_30d
347609,2025-07-09T03:55:55,south-korea-crypto-income-tax,publish,https://coincu.com/south-korea-crypto-income-tax,0,0,0,0,draft_now,no_backlink_no_gsc_top1000_older_30d
347606,2025-07-09T03:26:37,letsbonk-outpaces-pump-fun-solana,publish,https://coincu.com/letsbonk-outpaces-pump-fun-solana,0,0,0,0,draft_now,no_backlink_no_gsc_top1000_older_30d
347603,2025-07-09T02:55:47,gamesquare-100m-ethereum-treasury-plan,publish,https://coincu.com/gamesquare-100m-ethereum-treasury-plan,0,0,0,0,draft_now,no_backlink_no_gsc_top1000_older_30d
347600,2025-07-09T02:25:50,us-national-debt-36-trillion-watch,publish,https://coincu.com/us-national-debt-36-trillion-watch,0,0,0,0,draft_now,no_backlink_no_gsc_top1000_older_30d
347595,2025-07-09T00:55:10,tether-invests-in-crystal-intelligence,publish,https://coincu.com/tether-invests-in-crystal-intelligence,0,0,0,0,draft_now,no_backlink_no_gsc_top1000_older_30d
347592,2025-07-09T00:25:28,sec-approval-spot-cryptocurrency-etfs,publish,https://coincu.com/sec-approval-spot-cryptocurrency-etfs,0,0,0,0,draft_now,no_backlink_no_gsc_top1000_older_30d
347589,2025-07-08T23:55:25,trump-trade-tariffs-crypto-impact,publish,https://coincu.com/trump-trade-tariffs-crypto-impact,0,0,0,0,draft_now,no_backlink_no_gsc_top1000_older_30d
347586,2025-07-08T23:24:54,tether-expands-gold-reserve-strategy,publish,https://coincu.com/tether-expands-gold-reserve-strategy,0,0,0,0,draft_now,no_backlink_no_gsc_top1000_older_30d
347583,2025-07-08T22:55:19,kulr-secures-bitcoin-credit,publish,https://coincu.com/kulr-secures-bitcoin-credit,0,0,0,0,draft_now,no_backlink_no_gsc_top1000_older_30d
347580,2025-07-08T22:24:20,kulr-20m-credit-bitcoin,publish,https://coincu.com/kulr-20m-credit-bitcoin,0,0,0,0,draft_now,no_backlink_no_gsc_top1000_older_30d
347577,2025-07-08T21:55:08,ego-death-capital-bitcoin-fund,publish,https://coincu.com/ego-death-capital-bitcoin-fund,0,0,0,0,draft_now,no_backlink_no_gsc_top1000_older_30d
347574,2025-07-08T21:25:06,trump-tariff-inflation-cea-report,publish,https://coincu.com/trump-tariff-inflation-cea-report,0,0,0,0,draft_now,no_backlink_no_gsc_top1000_older_30d
347571,2025-07-08T20:55:28,usdf-stablecoin-incident-falcon,publish,https://coincu.com/usdf-stablecoin-incident-falcon,0,0,0,0,draft_now,no_backlink_no_gsc_top1000_older_30d
347568,2025-07-08T20:24:58,usdf-stablecoin-briefly-depegs-recovers,publish,https://coincu.com/usdf-stablecoin-briefly-depegs-recovers,0,0,0,0,draft_now,no_backlink_no_gsc_top1000_older_30d
347565,2025-07-08T19:55:51,trump-us-eu-tariff-notice,publish,https://coincu.com/trump-us-eu-tariff-notice,0,0,0,0,draft_now,no_backlink_no_gsc_top1000_older_30d
347562,2025-07-08T19:24:44,trump-demands-powell-resignation,publish,https://coincu.com/trump-demands-powell-resignation,0,0,0,0,draft_now,no_backlink_no_gsc_top1000_older_30d
347559,2025-07-08T18:55:24,elon-musk-epstein-files-release,publish,https://coincu.com/elon-musk-epstein-files-release,0,0,0,0,draft_now,no_backlink_no_gsc_top1000_older_30d
347556,2025-07-08T18:25:56,trump-proposes-copper-import-tariff,publish,https://coincu.com/trump-proposes-copper-import-tariff,0,0,0,0,draft_now,no_backlink_no_gsc_top1000_older_30d
347444,2025-07-08T18:00:00,dogecoin-price-stuck-under-0-20-as-whales-pivot-to-a-token-thats-causing-mass-market-fomo,publish,https://coincu.com/dogecoin-price-stuck-under-0-20-as-whales-pivot-to-a-token-thats-causing-mass-market-fomo,0,0,0,0,draft_now,no_backlink_no_gsc_top1000_older_30d
347553,2025-07-08T17:54:58,trump-calls-fed-chair-resignation,publish,https://coincu.com/trump-calls-fed-chair-resignation,0,0,0,0,draft_now,no_backlink_no_gsc_top1000_older_30d
347550,2025-07-08T17:25:24,biosig-streamex-merger-secures-funding,publish,https://coincu.com/biosig-streamex-merger-secures-funding,0,0,0,0,draft_now,no_backlink_no_gsc_top1000_older_30d
347546,2025-07-08T17:06:23,g-knot-appoints-fintech-crypto-veteran-wes-kaplan-as-ceo-to-launch-the-first-finger-vein-biometric-wallet,publish,https://coincu.com/g-knot-appoints-fintech-crypto-veteran-wes-kaplan-as-ceo-to-launch-the-first-finger-vein-biometric-wallet,0,0,0,0,draft_now,no_backlink_no_gsc_top1000_older_30d
347543,2025-07-08T16:56:31,hong-kong-stablecoin-license-competition,publish,https://coincu.com/hong-kong-stablecoin-license-competition,0,0,0,0,draft_now,no_backlink_no_gsc_top1000_older_30d
347443,2025-07-08T16:30:00,solana-price-set-for-a-350-rally-can-it-hold-against-ethereums-l2-surge,publish,https://coincu.com/solana-price-set-for-a-350-rally-can-it-hold-against-ethereums-l2-surge,0,0,0,0,draft_now,no_backlink_no_gsc_top1000_older_30d
347537,2025-07-08T15:55:05,insight-investment-us-rate-cut-2024,publish,https://coincu.com/insight-investment-us-rate-cut-2024,0,0,0,0,draft_now,no_backlink_no_gsc_top1000_older_30d
347530,2025-07-08T15:25:42,trump-tariffs-impact-markets,publish,https://coincu.com/trump-tariffs-impact-markets,0,0,0,0,draft_now,no_backlink_no_gsc_top1000_older_30d
347520,2025-07-08T14:59:37,sugar-daddy-season-sugar-launches-community-contest-and-teases-bold-roadmap,publish,https://coincu.com/sugar-daddy-season-sugar-launches-community-contest-and-teases-bold-roadmap,0,0,0,0,draft_now,no_backlink_no_gsc_top1000_older_30d
347522,2025-07-08T14:55:06,binance-alpha-launches-promptale-ai,publish,https://coincu.com/binance-alpha-launches-promptale-ai,0,0,0,0,draft_now,no_backlink_no_gsc_top1000_older_30d
347503,2025-07-08T14:28:23,xrp-vs-sec-will-ripple-lawsuit-end-july-10,publish,https://coincu.com/xrp-vs-sec-will-ripple-lawsuit-end-july-10,0,0,0,0,draft_now,no_backlink_no_gsc_top1000_older_30d
347508,2025-07-08T14:26:22,us-china-trade-talks-unconfirmed,publish,https://coincu.com/us-china-trade-talks-unconfirmed,0,0,0,0,draft_now,no_backlink_no_gsc_top1000_older_30d
347502,2025-07-08T13:55:22,crypto-stocks-surge-market-interest,publish,https://coincu.com/crypto-stocks-surge-market-interest,0,0,0,0,draft_now,no_backlink_no_gsc_top1000_older_30d
347496,2025-07-08T13:47:54,solana-tops-1-2m-in-daily-fees-as-capital,publish,https://coincu.com/solana-tops-1-2m-in-daily-fees-as-capital,0,0,0,0,draft_now,no_backlink_no_gsc_top1000_older_30d
347495,2025-07-08T13:25:12,robinhood-stock-token-platform-eu,publish,https://coincu.com/robinhood-stock-token-platform-eu,0,0,0,0,draft_now,no_backlink_no_gsc_top1000_older_30d
347442,2025-07-08T13:00:00,cardano-price-prediction-can-cardano-reclaim-1-analysts-favour-remittix-as-safer-long-term-play,publish,https://coincu.com/cardano-price-prediction-can-cardano-reclaim-1-analysts-favour-remittix-as-safer-long-term-play,0,0,0,0,draft_now,no_backlink_no_gsc_top1000_older_30d
347492,2025-07-08T12:55:05,truth-social-crypto-etf-sec,publish,https://coincu.com/truth-social-crypto-etf-sec,0,0,0,0,draft_now,no_backlink_no_gsc_top1000_older_30d
347489,2025-07-08T12:25:56,pakistan-virtual-asset-regulation,publish,https://coincu.com/pakistan-virtual-asset-regulation,0,0,0,0,draft_now,no_backlink_no_gsc_top1000_older_30d
347486,2025-07-08T11:55:04,biosig-streamex-merge-financing,publish,https://coincu.com/biosig-streamex-merge-financing,0,0,0,0,draft_now,no_backlink_no_gsc_top1000_older_30d
347481,2025-07-08T11:48:13,bitcoin-mayer-multiple-says-rallys-not-over,publish,https://coincu.com/bitcoin-mayer-multiple-says-rallys-not-over,0,0,0,0,draft_now,no_backlink_no_gsc_top1000_older_30d
347477,2025-07-08T11:32:39,bitdu-issues-official-statement-bitdu-pro-app-identified-as-fraudulent-and-unaffiliated,publish,https://coincu.com/bitdu-issues-official-statement-bitdu-pro-app-identified-as-fraudulent-and-unaffiliated,0,0,0,0,draft_now,no_backlink_no_gsc_top1000_older_30d
347476,2025-07-08T11:24:43,ripple-ceo-us-senate-hearing,publish,https://coincu.com/ripple-ceo-us-senate-hearing,0,0,0,0,draft_now,no_backlink_no_gsc_top1000_older_30d
347439,2025-07-08T11:00:00,ethereum-price-headed-toward-3000-as-a-lesser-known-eth-payfi-token-gains-traction-among-chinese-whale-networks,publish,https://coincu.com/ethereum-price-headed-toward-3000-as-a-lesser-known-eth-payfi-token-gains-traction-among-chinese-whale-networks,0,0,0,0,draft_now,no_backlink_no_gsc_top1000_older_30d
347473,2025-07-08T10:54:15,biosig-commodities-blockchain-tokenization,publish,https://coincu.com/biosig-commodities-blockchain-tokenization,0,0,0,0,draft_now,no_backlink_no_gsc_top1000_older_30d
347470,2025-07-08T10:24:42,biosig-streamex-merger-investment,publish,https://coincu.com/biosig-streamex-merger-investment,0,0,0,0,draft_now,no_backlink_no_gsc_top1000_older_30d
347426,2025-07-08T10:00:00,mexc-ventures-hosts-successful-kickstart-your-future-event-at-unsw-marking-australian-market-entry,publish,https://coincu.com/mexc-ventures-hosts-successful-kickstart-your-future-event-at-unsw-marking-australian-market-entry,0,0,0,0,draft_now,no_backlink_no_gsc_top1000_older_30d
347467,2025-07-08T09:54:15,rba-holds-rates-steady-july2025,publish,https://coincu.com/rba-holds-rates-steady-july2025,0,0,0,0,draft_now,no_backlink_no_gsc_top1000_older_30d
347464,2025-07-08T09:23:50,hong-kong-stablecoin-license-cap,publish,https://coincu.com/hong-kong-stablecoin-license-cap,0,0,0,0,draft_now,no_backlink_no_gsc_top1000_older_30d
347436,2025-07-08T09:00:00,xrp-price-may-never-hit-10-say-analysts-as-a-new-008-payfi-token-is-already-capturing-ripple-market-share,publish,https://coincu.com/xrp-price-may-never-hit-10-say-analysts-as-a-new-008-payfi-token-is-already-capturing-ripple-market-share,0,0,0,0,draft_now,no_backlink_no_gsc_top1000_older_30d
347453,2025-07-08T08:55:38,graphite-protocol-token-market-cap,publish,https://coincu.com/graphite-protocol-token-market-cap,0,0,0,0,draft_now,no_backlink_no_gsc_top1000_older_30d
347435,2025-07-08T08:24:49,pump-fun-halts-token-sale-solana,publish,https://coincu.com/pump-fun-halts-token-sale-solana,0,0,0,0,draft_now,no_backlink_no_gsc_top1000_older_30d
347425,2025-07-08T07:24:11,kucoin-ceo-trust-compliance-challenges,publish,https://coincu.com/kucoin-ceo-trust-compliance-challenges,0,0,0,0,draft_now,no_backlink_no_gsc_top1000_older_30d
347422,2025-07-08T06:54:06,blackrock-bitcoin-etf-700k-btc,publish,https://coincu.com/blackrock-bitcoin-etf-700k-btc,0,0,0,0,draft_now,no_backlink_no_gsc_top1000_older_30d
347419,2025-07-08T06:24:07,blackrock-etf-surpasses-700000-btc,publish,https://coincu.com/blackrock-etf-surpasses-700000-btc,0,0,0,0,draft_now,no_backlink_no_gsc_top1000_older_30d
347416,2025-07-08T05:53:45,eric-trump-bitcoin-asia-hong-kong,publish,https://coincu.com/eric-trump-bitcoin-asia-hong-kong,0,0,0,0,draft_now,no_backlink_no_gsc_top1000_older_30d
347409,2025-07-08T04:54:36,coinbase-us-house-clarity-act,publish,https://coincu.com/coinbase-us-house-clarity-act,0,0,0,0,draft_now,no_backlink_no_gsc_top1000_older_30d
347406,2025-07-08T04:24:15,coinbase-clarity-act-push,publish,https://coincu.com/coinbase-clarity-act-push,0,0,0,0,draft_now,no_backlink_no_gsc_top1000_older_30d
347403,2025-07-08T03:54:08,hong-kong-rmb-stablecoin-leadership,publish,https://coincu.com/hong-kong-rmb-stablecoin-leadership,0,0,0,0,draft_now,no_backlink_no_gsc_top1000_older_30d
347400,2025-07-08T03:24:28,trump-delays-tariffs-asian-exports,publish,https://coincu.com/trump-delays-tariffs-asian-exports,0,0,0,0,draft_now,no_backlink_no_gsc_top1000_older_30d
347397,2025-07-08T03:02:16,btchel-2025,publish,https://coincu.com/btchel-2025,0,0,0,0,draft_now,no_backlink_no_gsc_top1000_older_30d
347395,2025-07-08T02:54:58,ton-foundation-visa-token-controversy,publish,https://coincu.com/ton-foundation-visa-token-controversy,0,0,0,0,draft_now,no_backlink_no_gsc_top1000_older_30d
347392,2025-07-08T02:24:53,ripple-ceo-senate-banking-hearing,publish,https://coincu.com/ripple-ceo-senate-banking-hearing,0,0,0,0,draft_now,no_backlink_no_gsc_top1000_older_30d
347389,2025-07-08T01:54:25,trump-administration-crypto-policy-report-2,publish,https://coincu.com/trump-administration-crypto-policy-report-2,0,0,0,0,draft_now,no_backlink_no_gsc_top1000_older_30d
347383,2025-07-08T00:53:54,japan-us-tariff-talks,publish,https://coincu.com/japan-us-tariff-talks,0,0,0,0,draft_now,no_backlink_no_gsc_top1000_older_30d
347380,2025-07-08T00:24:09,eu-us-trade-agreement-final,publish,https://coincu.com/eu-us-trade-agreement-final,0,0,0,0,draft_now,no_backlink_no_gsc_top1000_older_30d
347374,2025-07-07T23:23:42,fed-chair-rumors-crypto-impact,publish,https://coincu.com/fed-chair-rumors-crypto-impact,0,0,0,0,draft_now,no_backlink_no_gsc_top1000_older_30d
347371,2025-07-07T22:54:10,sec-delays-fidelity-solana-etf,publish,https://coincu.com/sec-delays-fidelity-solana-etf,0,0,0,0,draft_now,no_backlink_no_gsc_top1000_older_30d
347368,2025-07-07T22:25:04,sec-solana-etf-refilings-expedited,publish,https://coincu.com/sec-solana-etf-refilings-expedited,0,0,0,0,draft_now,no_backlink_no_gsc_top1000_older_30d
347365,2025-07-07T21:54:43,goldman-sachs-september-rate-cuts,publish,https://coincu.com/goldman-sachs-september-rate-cuts,0,0,0,0,draft_now,no_backlink_no_gsc_top1000_older_30d
347362,2025-07-07T21:24:03,truth-social-bitcoin-ethereum-etf-sec-2,publish,https://coincu.com/truth-social-bitcoin-ethereum-etf-sec-2,0,0,0,0,draft_now,no_backlink_no_gsc_top1000_older_30d
347358,2025-07-07T20:55:23,fed-research-rate-impact-crypto,publish,https://coincu.com/fed-research-rate-impact-crypto,0,0,0,0,draft_now,no_backlink_no_gsc_top1000_older_30d
347355,2025-07-07T20:24:13,us-stock-index-decline-crypto-impact,publish,https://coincu.com/us-stock-index-decline-crypto-impact,0,0,0,0,draft_now,no_backlink_no_gsc_top1000_older_30d
347352,2025-07-07T19:53:45,us-40-percent-tariff-myanmar-laos,publish,https://coincu.com/us-40-percent-tariff-myanmar-laos,0,0,0,0,draft_now,no_backlink_no_gsc_top1000_older_30d
347349,2025-07-07T19:24:39,bbva-bitcoin-ethereum-spanish-users,publish,https://coincu.com/bbva-bitcoin-ethereum-spanish-users,0,0,0,0,draft_now,no_backlink_no_gsc_top1000_older_30d
347341,2025-07-07T19:02:27,u-s-treasury-ends-tornado-cash-appeal-as,publish,https://coincu.com/u-s-treasury-ends-tornado-cash-appeal-as,0,0,0,0,draft_now,no_backlink_no_gsc_top1000_older_30d
347344,2025-07-07T18:54:44,morgan-stanley-tariff-policy-impact,publish,https://coincu.com/morgan-stanley-tariff-policy-impact,0,0,0,0,draft_now,no_backlink_no_gsc_top1000_older_30d
347340,2025-07-07T18:24:06,us-tariff-impact-markets-crypto,publish,https://coincu.com/us-tariff-impact-markets-crypto,0,0,0,0,draft_now,no_backlink_no_gsc_top1000_older_30d
347330,2025-07-07T17:54:36,big-players-accumulate-240k-eth-as-ethereum,publish,https://coincu.com/big-players-accumulate-240k-eth-as-ethereum,0,0,0,0,draft_now,no_backlink_no_gsc_top1000_older_30d
347336,2025-07-07T17:54:24,bitcoin-steady-trump-extends-tariff-deadline,publish,https://coincu.com/bitcoin-steady-trump-extends-tariff-deadline,0,0,0,0,draft_now,no_backlink_no_gsc_top1000_older_30d
347328,2025-07-07T17:23:58,metaplanet-bitcoin-acquisition-us-market,publish,https://coincu.com/metaplanet-bitcoin-acquisition-us-market,0,0,0,0,draft_now,no_backlink_no_gsc_top1000_older_30d
347323,2025-07-07T16:55:54,trump-tariffs-japan-south-korea,publish,https://coincu.com/trump-tariffs-japan-south-korea,0,0,0,0,draft_now,no_backlink_no_gsc_top1000_older_30d
347317,2025-07-07T16:34:53,murano-kicks-off-500m-bitcoin-push-as-corporate,publish,https://coincu.com/murano-kicks-off-500m-bitcoin-push-as-corporate,0,0,0,0,draft_now,no_backlink_no_gsc_top1000_older_30d
347316,2025-07-07T16:23:42,digital-asset-regulation-framework,publish,https://coincu.com/digital-asset-regulation-framework,0,0,0,0,draft_now,no_backlink_no_gsc_top1000_older_30d
347313,2025-07-07T15:54:04,eu-trade-talks-tariff-threat,publish,https://coincu.com/eu-trade-talks-tariff-threat,0,0,0,0,draft_now,no_backlink_no_gsc_top1000_older_30d
347310,2025-07-07T15:24:34,threshold-tbtc-launches-on-sui,publish,https://coincu.com/threshold-tbtc-launches-on-sui,0,0,0,0,draft_now,no_backlink_no_gsc_top1000_older_30d
347307,2025-07-07T14:54:24,zhao-warns-against-crypto-risks,publish,https://coincu.com/zhao-warns-against-crypto-risks,0,0,0,0,draft_now,no_backlink_no_gsc_top1000_older_30d
347300,2025-07-07T13:53:58,crypto-platform-collapse-china-impact,publish,https://coincu.com/crypto-platform-collapse-china-impact,0,0,0,0,draft_now,no_backlink_no_gsc_top1000_older_30d
347296,2025-07-07T13:39:27,gunz-announces-gun-token-expansion-to-solana,publish,https://coincu.com/gunz-announces-gun-token-expansion-to-solana,0,0,0,0,draft_now,no_backlink_no_gsc_top1000_older_30d
347293,2025-07-07T13:23:58,robinhood-tokenized-stocks-opposition,publish,https://coincu.com/robinhood-tokenized-stocks-opposition,0,0,0,0,draft_now,no_backlink_no_gsc_top1000_older_30d
347284,2025-07-07T13:02:26,sec-preps-rule-shift-for-all-spot-crypto-etfs,publish,https://coincu.com/sec-preps-rule-shift-for-all-spot-crypto-etfs,0,0,0,0,draft_now,no_backlink_no_gsc_top1000_older_30d
